,f1_mean,f1_std,roc_auc_mean,roc_auc_std,auprc_mean,auprc_std,accuracy_mean,accuracy_std,precision_mean,precision_std,recall_mean,recall_std,specificity_mean,specificity_std,mcc_mean,mcc_std,prevalence_mean,prevalence_std,fold_mean,fold_std
ABCA12,0.3852871494976758,0.0762923560422178,0.6540246956573872,0.060096489507041315,0.3388614693466837,0.09965353001127811,0.7148433847592333,0.06258481491176072,0.3198403801102452,0.09691212861024644,0.5278749681690857,0.1379615936129853,0.7580794691395859,0.0841336861627609,0.23833296746653235,0.10884453301035797,0.17293127629733518,0.03976470735111678,3,1.5811388300841898
ABCA13,0.29058296592438354,0.07774957213994162,0.6082322934467451,0.05654619729424035,0.316136316982203,0.06444165561954947,0.6522674146797569,0.056594527735765676,0.2288181818181818,0.06432370501323706,0.4041520467836257,0.1109433174404358,0.7019980540345838,0.0752712056190332,0.08955128388274561,0.07958081920033816,0.17713884992987378,0.03128427592746746,3,1.5811388300841898
ABCA4,0.34225057035664114,0.11011755079268287,0.6923679657195739,0.03312655514944132,0.30902394288029295,0.10448726289537083,0.7300607760635811,0.04800856060313971,0.25688737579727566,0.10060247215800869,0.5369875222816399,0.07713052849245947,0.7577750066888355,0.05378901998991174,0.2264406807688545,0.10502910428962116,0.1295698924731183,0.03475118379405098,3,1.5811388300841898
ABCB5,0.2824778396206968,0.04709791579683477,0.621936437056919,0.062092885087115246,0.26897640571050063,0.07239248314568,0.6846657316503039,0.05541568299405625,0.21367681390564686,0.05424149016577189,0.4500396825396825,0.07893140441977775,0.7241401169112012,0.07651247365098753,0.13303260291221336,0.017582341005432402,0.1403225806451613,0.03547652497010731,3,1.5811388300841898
ABCC9,0.2878660826032541,0.07744415836880143,0.6735112271089514,0.08242895120961397,0.2625332050281008,0.07050772005270749,0.6976858345021038,0.08367399014943906,0.22461701332669076,0.08243904008751334,0.42835164835164835,0.04430084545039576,0.7411656883946041,0.09859248755497686,0.13966269354223174,0.09978110421317384,0.13613838242169238,0.01868615054029552,3,1.5811388300841898
ACAN,0.3601911669890393,0.05664532957258142,0.6842275179328124,0.08259880007966942,0.3712079321701578,0.0806878034294038,0.7126460963066854,0.06905868909465403,0.2916647679805574,0.0632461742288562,0.48571428571428577,0.08096279967459702,0.7562966569295683,0.08426489164335958,0.20424423167493494,0.08210893820876093,0.16416549789621318,0.017940074427337267,3,1.5811388300841898
ACSM2B,0.3244265787809181,0.08024626094489049,0.6715938209552094,0.05814086380468904,0.2649451554258187,0.08492231712029977,0.7062178588125292,0.07360408371432975,0.24482456140350872,0.08553328806488093,0.5375,0.08887803753208973,0.7360376799714367,0.08326636309138102,0.20038094484293628,0.08999443840256403,0.1339878447872838,0.04445705379275415,3,1.5811388300841898
ADAM18,0.33281520189573566,0.06913660455305123,0.6319497364775513,0.03502743600541196,0.2982938546800867,0.11254615424415815,0.6781907433380084,0.05996143275068904,0.2887513850749145,0.10737940111992053,0.4404742625795257,0.07072260549616066,0.7355955111229374,0.09793585854200108,0.15694660410557165,0.06487127785424919,0.1835670874240299,0.04505087835195586,3,1.5811388300841898
ADAM28,0.3533697340257475,0.16125187236164354,0.7462662210834949,0.12220173616734174,0.3477337866062402,0.1589592639211247,0.7255726975222065,0.12754193850948012,0.27536928104575165,0.16043624464648376,0.5678354978354979,0.11257342491659088,0.7471566772347035,0.1434230723539934,0.25089428680308723,0.18792904968668822,0.11673679289387565,0.0285053505468973,3,1.5811388300841898
ADAM29,0.35530660337659276,0.09225848388824863,0.7054518110615671,0.09252144662098402,0.2994306167998906,0.12788711664166091,0.7126227208976157,0.04450371872103707,0.2563809523809524,0.07621249681779106,0.6024242424242424,0.17432014077099803,0.73094141630727,0.04724131966010866,0.24284793580365133,0.12375432227719901,0.13391771856007478,0.026090349505628323,3,1.5811388300841898
ADAM7,0.3477976783218091,0.08979949954138144,0.6329532782618226,0.06889073844784441,0.29623639316092165,0.10175804118322178,0.6824450677886863,0.07878423196290268,0.2675885167464115,0.08775892855686097,0.5185714285714285,0.08176067059556094,0.713883363471971,0.08956341677640975,0.18959659634678508,0.11836833646327793,0.15762038335670875,0.01756883989509782,3,1.5811388300841898
ADAMTS18,0.4177327489181505,0.07765970921359343,0.6862460690991671,0.08173225032229164,0.35354344163834417,0.07997914043280789,0.7040205703599812,0.07505297484063198,0.32909380358917784,0.08179498866749298,0.5994866975130132,0.08896031709471694,0.728738498658552,0.09034600865721958,0.26988147916328875,0.10018202545400565,0.1748714352501169,0.029376900617559668,3,1.5811388300841898
ADAMTS19,0.2549813768082405,0.10628221386474247,0.5857319309625025,0.08803911908794443,0.2157681780199629,0.08707166206182805,0.6910705937353903,0.05722604976877381,0.18122400475341652,0.07817183466525114,0.4712698412698413,0.1615078390078096,0.7191281900156683,0.07179694066069654,0.13717256937815964,0.11132009778734227,0.11215521271622253,0.037382808242195815,3,1.5811388300841898
ADAMTS20,0.3822601382703684,0.06793543339898073,0.6722394293872622,0.04618319583945571,0.396509993113103,0.05606480232457769,0.6931977559607293,0.04574314324278779,0.3210075844319932,0.06964109727169779,0.505884409707939,0.15668745783359014,0.7385253575114257,0.08698197094550723,0.20988133892613386,0.06582129243071391,0.1967741935483871,0.051489187119353005,3,1.5811388300841898
ADCY8,0.3565381739294783,0.09821297410682336,0.6730884730393293,0.09109014744729778,0.32327690264601044,0.167025470063619,0.7126460963066854,0.0676070619076941,0.2765841784989858,0.10586800707956613,0.5460224089635854,0.10783811694815536,0.744004659897065,0.0782226099776586,0.22716668205078966,0.11934869096131107,0.14476390836839645,0.033227591052196394,3,1.5811388300841898
AHNAK,0.3329357566122272,0.164374221317553,0.6504233448220791,0.11603740743992601,0.29849749594385094,0.16176937223827242,0.7233052828424498,0.07525500484511898,0.2616972392411604,0.15912535558137575,0.48571428571428565,0.17382583093756176,0.759889878054435,0.07786404202323172,0.20064953473651248,0.1928681704315412,0.13824216923796168,0.025773230373309947,3,1.5811388300841898
AHNAK2,0.3940702939149787,0.03266539875332842,0.6627710553787429,0.05962735651587075,0.3844373893444469,0.06384169147821141,0.6890603085553997,0.07907635207042611,0.3076488252958841,0.03106854031201464,0.5535541170216092,0.06150508817351262,0.7178587373723159,0.08624985644209136,0.2222215008081133,0.08664713501152342,0.18134642356241235,0.0358071860736031,3,1.5811388300841898
ALMS1,0.30930193074584433,0.0304249597657814,0.7112438686745215,0.05927672769380085,0.2906109095981753,0.09959926331331534,0.7085787751285648,0.04393345793557352,0.22123802123802125,0.03373380190569458,0.5652319902319902,0.17781005831641367,0.7347232481723937,0.052819799453625,0.2023980047381672,0.07315208371468214,0.12307152875175316,0.037597185544520566,3,1.5811388300841898
ALPK2,0.3770847851335656,0.09634657039570464,0.6981505168707763,0.09608259552220168,0.40531230633459625,0.13254986657563916,0.6890369331463301,0.08875222955272488,0.2914533214533215,0.09118976340476537,0.5451898978214768,0.07880513147152667,0.7168307605636373,0.09258208526410411,0.21485973219051407,0.13813712716052004,0.16636278634876112,0.02538918094967645,3,1.5811388300841898
ANK1,0.28154383174266523,0.12565340594564461,0.6523644388184796,0.017520955023113852,0.27347303947668455,0.12251760927653958,0.6781673679289388,0.061743257014177544,0.20123550958845077,0.11601477717417026,0.5407670760611937,0.10917375332456472,0.6980386818974413,0.0726127096975897,0.1670341839996019,0.1073997477851124,0.11872370266479663,0.04858574698347548,3,1.5811388300841898
ANK2,0.28530546223715314,0.10080395715716466,0.6432422371205352,0.06549699348923879,0.31853943510654525,0.11083645775841786,0.7084385226741468,0.05923023773818718,0.20642900915411716,0.08270905131389658,0.4854700854700854,0.17492784691235597,0.7394724816640327,0.06175910102742239,0.16217412252977786,0.13317815719339882,0.1209443665264142,0.02890071806647385,3,1.5811388300841898
ANK3,0.4973780147452148,0.052688097615448924,0.6888466703145119,0.051932723583771156,0.524238396692817,0.0519520781325415,0.6607293127629733,0.04531042830013465,0.5024034524034524,0.061773916598996094,0.5140635708377643,0.12006252605429113,0.7413089421369329,0.07726601212416791,0.25329280905514234,0.08225820070741133,0.3349929873772791,0.050758854418129835,3,1.5811388300841898
ANKRD30A,0.38804880099932104,0.11135499885025178,0.672497981243272,0.09633668117121971,0.35188792786743195,0.1075084681783751,0.678284244974287,0.0599090118880282,0.3254664289958408,0.09899211553798656,0.48773182957393485,0.13699023501391544,0.7268711828185106,0.06450266300626435,0.19082352095462354,0.14122275115860536,0.20953716690042076,0.022696938415742735,3,1.5811388300841898
ANO4,0.42847472322262237,0.12854837153901671,0.7208938936336358,0.08525974306051234,0.35715836673780765,0.15834569623685743,0.7384525479195885,0.09240460637842529,0.34704607046070457,0.14497075225656259,0.6497899159663866,0.16307853455193894,0.7595219459643178,0.12225170591171707,0.32987410431090397,0.12600508361091858,0.14890135577372604,0.03719849524924283,3,1.5811388300841898
APOB,0.4622307042230716,0.08007578146060922,0.6598675956543311,0.05107905309007925,0.50335464182688,0.1510259908162872,0.6392239364188874,0.06255583316389617,0.4700334448160534,0.12764767024914347,0.48292417260159193,0.09873187861639895,0.7236117174657072,0.11775143908210833,0.20917374073110953,0.10519933617190974,0.3260635811126695,0.053400813774404185,3,1.5811388300841898
ARAP2,0.2748035868926643,0.07053616420304228,0.6379659139959768,0.1220110384765421,0.23422711441080257,0.08309494789764271,0.7128330995792427,0.07401159878517007,0.2107563172471895,0.09997128595006159,0.5025396825396825,0.2204024126047294,0.7509257689497335,0.09219126921241091,0.17028092506540746,0.11253129596933706,0.12073398784478728,0.055219178224621183,3,1.5811388300841898
ARID2,0.2937973202508086,0.09028703709317086,0.6833409146259594,0.08624553521836117,0.3318324582860911,0.14548800559358982,0.7018934081346424,0.063258646733183,0.22235356536502549,0.08652415286734447,0.48269230769230764,0.15165371555341833,0.7400515995872032,0.07686123894065909,0.1641733111090828,0.12084472574018316,0.13183730715287517,0.031394488458324175,3,1.5811388300841898
ARMC4,0.45258282458282456,0.06869163048955383,0.7316781394023326,0.05018357816692508,0.4188674152746457,0.04370246898991569,0.7344553529686769,0.04481468903803826,0.3642033437966116,0.05780756807570381,0.6083028083028083,0.12308258582433877,0.7624570922024418,0.04656486123791003,0.3089013181703208,0.08749446517195043,0.1856708742402992,0.048673473249560145,3,1.5811388300841898
ASTN1,0.337741526765917,0.07181526685398124,0.6608803461581239,0.08328200443072727,0.32056036306986907,0.1200006387358854,0.7040673211781205,0.03235489326137216,0.2642043142043142,0.06221361845927323,0.4833333333333334,0.12243421934680339,0.7485535535535535,0.022881818459848033,0.18368719463471556,0.09929338357793985,0.15998129967274427,0.03285746147696493,3,1.5811388300841898
ASXL3,0.4316396406242841,0.07924957268527875,0.646034367547322,0.050288273900813175,0.40720983009345774,0.0646986124094598,0.6781673679289388,0.0466731472607805,0.3823775017253278,0.07167678905460188,0.5139951690821256,0.14940872324036814,0.734583666604127,0.06264320987703513,0.22540253850523156,0.1150605061575242,0.24396914446002804,0.028276226651971572,3,1.5811388300841898
ATP13A5,0.28197556964998827,0.05435228625521417,0.6545349237133038,0.08792912905763482,0.3264422749158279,0.09891814003954393,0.7019635343618513,0.040696630826139585,0.20412656309208033,0.04587287602311842,0.46571428571428575,0.07601542390332255,0.7359207771255963,0.04364087888893671,0.14840519494514248,0.06937162389943052,0.12533894343151006,0.01866991449345721,3,1.5811388300841898
BCLAF1,0.34335174377838423,0.1038972662293626,0.655241951886759,0.08108547561990015,0.3208108685529587,0.09971559449650189,0.703973819541842,0.07401346290817855,0.2627222645986948,0.07913772151560997,0.4982683982683982,0.15716432181405995,0.7329847083423415,0.10174218819451664,0.1866020614408412,0.10127316251353993,0.15986442262739597,0.05076383290157358,3,1.5811388300841898
BRAF,0.663897765493737,0.05837445239271305,0.6965105656404952,0.053151610053454354,0.7137153495754832,0.09917019938937292,0.60890603085554,0.07421215653207226,0.6077432712215322,0.12536380195835703,0.7564935628819959,0.07059398740005894,0.46907761320804797,0.18834501766653047,0.2327922179965106,0.14622172657718335,0.5141421224871435,0.07414132934918408,3,1.5811388300841898
BRINP1,0.19721682092763992,0.1256492688043142,0.55778953081308,0.17138410334052917,0.18077043521318567,0.06178878725639458,0.6543712014960262,0.09010448562588416,0.14107070707070707,0.09359815288262086,0.36307692307692313,0.21188084180562516,0.6952339824459253,0.08649879010161121,0.042052897705848254,0.1825128590779912,0.11659654043945769,0.036648511731744944,3,1.5811388300841898
BRINP3,0.3431477042807313,0.08282260229719214,0.6331205975379934,0.06851104993888062,0.3058022237447022,0.07929138256806557,0.7082515194015895,0.08245849082159448,0.2812019978423654,0.08225320520753095,0.45390240306648977,0.10428599513663334,0.7572114828303245,0.09286370082036786,0.17930004294948562,0.11803520653943608,0.16636278634876112,0.029594781890492132,3,1.5811388300841898
BSN,0.29864964385411846,0.08511502854168877,0.6421047772288544,0.04345386951743462,0.30606424276928224,0.10214488539258107,0.6888966806919121,0.044807708203090046,0.2339190221543163,0.08373282278666908,0.46425770308123243,0.12849750411970895,0.7328122236439172,0.07020773790977103,0.1511913420941508,0.08105673971107295,0.14911173445535295,0.04300760832663516,3,1.5811388300841898
C6,0.4133383383383384,0.03746944942644611,0.6826583484224206,0.056935032454125505,0.3802242955409819,0.07804473465740147,0.6977325853202431,0.05381870038565454,0.3586433288898345,0.06811004659771401,0.5056803327391562,0.06296081411986008,0.7488912793496605,0.07998531080030344,0.2303316607641262,0.058303527457156654,0.20949041608228147,0.020797809635657062,3,1.5811388300841898
C7,0.3618043290600353,0.10601697691153994,0.6653674999583215,0.11125341444067074,0.3180311896568712,0.11946316355545983,0.6933380084151473,0.0946621961243675,0.2741658235775883,0.09388360603049084,0.5522727272727272,0.13715443051508527,0.7214002717436607,0.09347734702059782,0.21338782422964991,0.1636078688418334,0.1533426834969612,0.026817615700555207,3,1.5811388300841898
C8B,0.2824648335336114,0.12467340954758223,0.6566538775795238,0.09103184607779526,0.24394858605047318,0.09027878451704617,0.6911407199625993,0.07642666763085829,0.20936164736164736,0.10986075008495967,0.4777005347593583,0.17431284962518873,0.7211991986448932,0.09011271513893825,0.15390363959773173,0.1433855572935515,0.12307152875175316,0.03599167838339834,3,1.5811388300841898
CACNA1C,0.3571555637345111,0.10377671037413289,0.7009586704882536,0.1170221264898775,0.31660756169529614,0.12844772183559494,0.7105890603085554,0.05914292622213195,0.26653985507246375,0.10013911028993368,0.5721861471861472,0.14273185014593745,0.7346469266398934,0.06875716645772975,0.23367063847283834,0.12813837773766562,0.14043945769050958,0.022043890721361273,3,1.5811388300841898
CACNA1E,0.46303390321645893,0.059622383924271646,0.6937455395507465,0.08262792915199434,0.4104473703254121,0.09719076581970536,0.6995792426367461,0.056767699494499474,0.393335696561503,0.0791358067078572,0.5874078133668927,0.11181857525475009,0.7357969116969343,0.07531008523875456,0.28360767481937826,0.09002754593231398,0.2246844319775596,0.0487027222955064,3,1.5811388300841898
CACNA1S,0.2857312999760059,0.07666465061380331,0.6316211911257661,0.09643258878815641,0.28002344168630494,0.09383202248618179,0.660542309490416,0.15214869980404475,0.21774725274725273,0.08132694121994412,0.4500318979266348,0.13279398403282408,0.6878767139152483,0.19046174800000942,0.11138954814138838,0.1315746246214671,0.14476390836839645,0.03980256316447826,3,1.5811388300841898
CACNA2D3,0.31552960044547074,0.10359966378401446,0.6668300601837186,0.13141011126937074,0.2885773382344903,0.06332904929430122,0.6736559139784946,0.07888137341130538,0.2338314176245211,0.07729218384534652,0.5095779220779221,0.17915378771008064,0.7057593769215004,0.0560458721822185,0.15505742741491527,0.16054594650022389,0.15551659654043948,0.0617113898443775,3,1.5811388300841898
CASR,0.38456492670778386,0.06549512045901532,0.7392017266359371,0.062137428233158924,0.3751622395924218,0.08353867796807313,0.710472183263207,0.045107680783397185,0.2908622908622909,0.04804325985824991,0.5934615384615384,0.15095874840908033,0.7346680074311653,0.06324187786344118,0.2541809420998526,0.09110816066229353,0.1554932211313698,0.01950299347779524,3,1.5811388300841898
CATSPERB,0.3493665158371041,0.10346313783182962,0.684530203310691,0.09573137277713627,0.30149739078651555,0.06978265376748406,0.7187938288920056,0.1208673667118746,0.2653708439897698,0.08646501682920756,0.5338528138528138,0.1458888589087221,0.7479808809077101,0.1367183589800412,0.21932280128880138,0.15455271700380385,0.13613838242169238,0.027456206625329077,3,1.5811388300841898
CCDC141,0.3422226535025113,0.11440479438383823,0.6899093650555639,0.113972475042771,0.3130461804100918,0.1325409529705793,0.7214118747078074,0.062402306179625375,0.2681883581314321,0.09866643977564707,0.5035014005602242,0.15957169682321928,0.7566876593192383,0.08036156029244676,0.21136900229545388,0.12733372431636605,0.14258999532491817,0.03194957547322326,3,1.5811388300841898
CD163,0.40027649769585255,0.04748943636425876,0.6599928888783757,0.0802139602512423,0.37409381313288226,0.11541457478745007,0.6782842449742871,0.07552100522257528,0.34140000417040267,0.0407663912202249,0.4929794842838321,0.09748184386457169,0.7266998572632375,0.09214233229887447,0.1973058896451234,0.08335608618498429,0.21802244039270685,0.037758847522493824,3,1.5811388300841898
CD163L1,0.3782174814432879,0.13861414940351288,0.6352418393758263,0.10042299015519979,0.3293529718656018,0.12252240993655326,0.6869798971482001,0.07774293479059446,0.3115862573099415,0.1479361549477233,0.5266666666666666,0.13364546797819638,0.7206217529746942,0.09783718006678116,0.21470967496973414,0.1520851735683706,0.17952314165497896,0.05805672380313943,3,1.5811388300841898
CDH10,0.3043524030538459,0.04144129574380639,0.6839184826737569,0.04766973174953731,0.27453296222736595,0.02774598086451558,0.6974988312295464,0.05772852945249616,0.217028848213256,0.040495400669158244,0.532944832944833,0.1149542385794918,0.7208846248297724,0.08094140330154041,0.18355878030222547,0.02758456343911193,0.1252454417952314,0.020773986569039934,3,1.5811388300841898
CDH18,0.3004019739126122,0.12734156382555734,0.6405938401462292,0.11600340187761046,0.280837311285173,0.1340295589845476,0.6867461430575035,0.028648516467618002,0.2109975421645902,0.0961649299969169,0.5328557063851181,0.19579476812943913,0.7040843071534256,0.04463204807973011,0.17337040005985555,0.13126059947278926,0.12952314165497897,0.035430558700094254,3,1.5811388300841898
CDH6,0.3518538247990247,0.09733425167154086,0.7219655736038605,0.09984372380926802,0.35732319299242427,0.12271671295152563,0.7019869097709209,0.04434851704348645,0.25931623931623937,0.05399044566088088,0.5756557168321874,0.25294877565472407,0.7273325764553834,0.06389265142769364,0.222235022262622,0.1454365987695174,0.1511220196353436,0.027045358395325785,3,1.5811388300841898
CDH8,0.2930641566971616,0.10167742022157907,0.6847301078551078,0.13750077417432352,0.29084163893104636,0.13545081449634375,0.7063113604488078,0.09087156077015866,0.2167738127724928,0.08076944992227168,0.4712698412698413,0.1752552757853588,0.7412454212454213,0.0874274454175548,0.15729994918970686,0.15894361421198222,0.12748948106591868,0.030196649834483176,3,1.5811388300841898
CDH9,0.25796353112934184,0.11814374978813653,0.648250426725584,0.0777871979034156,0.2523648656428904,0.08484246520296172,0.6953482935951378,0.056520028001388264,0.1885971877584781,0.08966206128524501,0.42848654613360493,0.20305892856288382,0.7346253219583413,0.04442982405147437,0.11398235122856815,0.14377104958830814,0.13179055633473585,0.04985108101426544,3,1.5811388300841898
CDKN2A,0.20015543412264725,0.10058514312802998,0.5532326001542966,0.1448932649629024,0.21369603889416622,0.10396632212247303,0.5981299672744272,0.12166124583933528,0.13459652387546125,0.06617555166475199,0.4011188811188811,0.2050421916508543,0.6244281851084486,0.13832459976970707,0.015173606521199517,0.15135572403537312,0.127466105656849,0.014439779369367379,3,1.5811388300841898
CFH,0.35853319503114306,0.05271019641267623,0.6861551509034582,0.056591182208071245,0.2951884841128327,0.0455205917688929,0.7344553529686768,0.0426586805779164,0.2614131054131054,0.06451891883199291,0.6355311355311355,0.13989125607273484,0.7534995864698544,0.06270515680740671,0.27274995002852354,0.031069932802914344,0.12103786816269284,0.03307275516145272,3,1.5811388300841898
CFTR,0.3120783089799971,0.07455658367015491,0.5923807825869107,0.06280886095989352,0.2689261705810384,0.11474640589098388,0.680271154745208,0.07450087039227465,0.24721708399127756,0.09161633766764953,0.47826007326007325,0.0631552052387195,0.7207832407701859,0.0926253204230075,0.15492538942092465,0.0573825577442708,0.15762038335670875,0.06553653516237208,3,1.5811388300841898
CHGB,0.2053960659223817,0.0751117674340554,0.5619870151483782,0.09232364410162125,0.17376021137796177,0.07715073084062227,0.6523609163160355,0.03676313537076404,0.1425744416873449,0.060479240453912675,0.3902564102564102,0.06828412621899123,0.6857870575482441,0.035159640406695954,0.055237587921679876,0.07098226270040482,0.11451612903225805,0.03792785280575607,3,1.5811388300841898
CMYA5,0.3856688676938126,0.07868783684205986,0.6207752612828348,0.05313349548980032,0.324739366763881,0.08182520738751797,0.6779336138382421,0.07622828061034648,0.33396181274442144,0.09949428391044261,0.4809494324045408,0.06345827707941182,0.7323608912821791,0.10282034460281651,0.19393095798305493,0.1014607095671212,0.20722300140252453,0.032664363715953694,3,1.5811388300841898
CNTN4,0.2908771886083287,0.14558567837061406,0.6063326671765491,0.12714207655556184,0.30118584099233947,0.11472902697550529,0.6844086021505376,0.08072652764621298,0.22520736707669559,0.12801167654860166,0.42874458874458876,0.189268752689763,0.726561842595598,0.08718571379283092,0.12894814572758578,0.18219462944413953,0.14682094436652643,0.015878597247909052,3,1.5811388300841898
CNTN5,0.40773895074646954,0.0682795786101056,0.6726630424039596,0.05034698687027305,0.3936552953599902,0.09324075055165457,0.6845722300140252,0.07013194421140667,0.3328783785735955,0.07393906098913869,0.5466666666666666,0.08366600265340754,0.7201974170360114,0.08851843536224428,0.22886132174113688,0.08429738989359474,0.19855072463768114,0.03987729347265061,3,1.5811388300841898
CNTNAP2,0.3984659681403868,0.07920839085663366,0.6555898249018498,0.07084620335204773,0.38216850615498715,0.11299318989436606,0.6737727910238429,0.03463185385398183,0.3259259259259259,0.06607536757832139,0.5280156914024191,0.1415063725841159,0.7114078479920113,0.06486682813798306,0.20519947382567666,0.08378055403969144,0.2117344553529687,0.040489133703156224,3,1.5811388300841898
CNTNAP4,0.23908349014610875,0.07145255399342812,0.6099750412985708,0.06990159429326673,0.18727036675757894,0.06015925052114733,0.7041841982234689,0.023555871885499756,0.173591999398451,0.06341616226592467,0.4035897435897436,0.0930278178016883,0.7438670973486706,0.035493045783099,0.1071168663241199,0.06367998863215826,0.11666666666666667,0.02816402145789451,3,1.5811388300841898
CNTNAP5,0.3230026416778725,0.0630614730361662,0.6178101033509326,0.029130764871426934,0.2637458050700807,0.09117979790203683,0.680411407199626,0.06165364400763254,0.24458082371704665,0.07946066049379089,0.5259615384615385,0.10922748367159409,0.7086681168377709,0.0930152259551839,0.18233289688067228,0.062112698928797255,0.14476390836839642,0.024056748612162292,3,1.5811388300841898
COL11A1,0.34953966456073227,0.08340230311369622,0.6453795021015852,0.09251930915236031,0.3224199034196059,0.08011730691437302,0.6868396446937821,0.02743047234465989,0.28793743890518086,0.07441639414113763,0.4567595459236326,0.12635284489395415,0.73968581190499,0.04904861324657876,0.167949577192428,0.08971930056157659,0.18793828892005612,0.022656819480749477,3,1.5811388300841898
COL11A2,0.3172140208244188,0.06633807745509937,0.700754615292523,0.07805659225957681,0.29985525884594455,0.10470907323711844,0.723562412342216,0.03089871884943682,0.22808696679664422,0.054356456962338214,0.5306526806526807,0.09698741601156735,0.7496807464727926,0.03855906519858096,0.20456100954629458,0.07289045326324546,0.12092099111734456,0.013714414455624192,3,1.5811388300841898
COL12A1,0.18448030039278301,0.07316719528035812,0.5374004498287601,0.07842167667505219,0.18831773304175758,0.06392391240250876,0.6501636278634877,0.0790609674071712,0.1320486967406947,0.054542821447031986,0.3305194805194805,0.13528484844052058,0.6908907322028895,0.10207563347975432,0.020909483290555544,0.07581550130822126,0.11886395511921459,0.02790303301789729,3,1.5811388300841898
COL14A1,0.34796558939781447,0.16006664899746517,0.7356642753627908,0.1155185795791479,0.38719666357333243,0.16401006388087733,0.7191210846189808,0.04647375827122316,0.25649674601287503,0.1332787736258021,0.5856209150326797,0.2719633682077201,0.7411501096662796,0.05569976054607917,0.23907527604635934,0.1907116696638662,0.13611500701262275,0.036405614341024725,3,1.5811388300841898
COL19A1,0.3069083820662768,0.10391300165098354,0.6739780300021263,0.05894893819581586,0.23236298434270924,0.09118851797039279,0.7214820009350164,0.046688685921865036,0.21665642601126472,0.07956669549901502,0.5724786324786324,0.15376826138309804,0.7396886246283836,0.06030228617065671,0.21386515045047375,0.09652721143840101,0.11238896680691912,0.041800385324183016,3,1.5811388300841898
COL1A1,0.27139135771600026,0.12003586307412493,0.6191172460294723,0.11502799293798445,0.21508859806103015,0.08569589843203734,0.7021972884525479,0.07416734953143274,0.19973928032751562,0.09195625529660637,0.48686868686868684,0.2498303168668552,0.7355780659803479,0.08268388398606542,0.15814995398690154,0.17038352553056435,0.11661991584852735,0.03979113295986818,3,1.5811388300841898
COL21A1,0.3887212995086008,0.17658928704209326,0.6419284876497344,0.10763820674578035,0.34268684261896437,0.16945300618671466,0.678214118747078,0.11309233927220098,0.31787417818273356,0.18096840191656738,0.5478879015721121,0.1711009981037287,0.707553598624924,0.13019039369796365,0.22335653501978797,0.2115723509497399,0.181369798971482,0.04395574598533844,3,1.5811388300841898
COL22A1,0.35973738465541744,0.10543383349345897,0.6376608286364478,0.06218177629550991,0.3035097648643221,0.05268245839628565,0.6780037400654512,0.09983324971098745,0.28691386122965074,0.09852604235586156,0.5132352941176471,0.1422894918825429,0.7132064777327936,0.12751516150127737,0.19090702768680956,0.14054475479891718,0.17281439925198688,0.011288047725740866,3,1.5811388300841898
COL3A1,0.42652718676122936,0.08739205179463706,0.6822628433998348,0.07500801727232244,0.3669314097144435,0.1608506733302541,0.701846657316503,0.053936698694526435,0.3522016496399798,0.10106868339055118,0.5610275689223058,0.07189881703097036,0.738193647674034,0.06652971839676329,0.2588277116631647,0.10458197751169221,0.19656381486676017,0.028123492741442015,3,1.5811388300841898
COL4A1,0.22712199317969076,0.08410412658064535,0.5849733424259169,0.06948745877519616,0.2113500992771657,0.033883987870107955,0.6608695652173913,0.06568669836936865,0.16753943682736253,0.058932043773392354,0.37311688311688307,0.16337291833090697,0.7066516139686871,0.09237133859611256,0.05938884316257901,0.09763896188241546,0.13831229546517063,0.01855615885998247,3,1.5811388300841898
COL4A3,0.3033954451345756,0.07727056460849209,0.660224532163198,0.08604382677806507,0.3296157190956639,0.1498138933532275,0.6999064983637213,0.08397896712753362,0.2146491228070176,0.06467893097473452,0.5481060606060606,0.11082054235518408,0.7229349810877788,0.08462913187908498,0.18871328292996617,0.11358466163954,0.11874707807386628,0.035562902095271555,3,1.5811388300841898
COL4A4,0.4180626950317877,0.057589469261154325,0.6830920171305856,0.01529224384818462,0.408342780445189,0.11804549254069174,0.6738896680691913,0.02747933195912146,0.38276691729323303,0.09130876103170064,0.5164835164835164,0.15633346031409007,0.7365635091701013,0.08375042837535132,0.2265980284490599,0.050893938214337436,0.2419121084618981,0.06303587667771966,3,1.5811388300841898
COL4A5,0.31846436490338925,0.04517652474243736,0.6292111991037824,0.05180093233006389,0.29219734354316557,0.058613367397233544,0.6544413277232352,0.08129029986127155,0.2526774454730446,0.06561291253888432,0.461989121989122,0.07076503170106273,0.6965222983470442,0.10582568600524576,0.1316270728127525,0.06284463813527691,0.1748480598410472,0.04077962213220127,3,1.5811388300841898
COL4A6,0.26123521389837967,0.05794067642282028,0.6488693107473982,0.13131443906156676,0.22626868806006564,0.042448468398835475,0.7063814866760169,0.05069018225987091,0.1848149699762603,0.04368331724520168,0.49264069264069266,0.1879060292058841,0.7388990709815039,0.04542230569572627,0.14397209023104987,0.0910129912698191,0.11865357643758764,0.04422513729738926,3,1.5811388300841898
COL5A1,0.42964023567361187,0.07758648396857905,0.7513758342068447,0.04349275187456914,0.4389498198948953,0.1468492748979389,0.7235156615240766,0.02852070531078338,0.3409776498011792,0.07081529755950475,0.5983567774936062,0.1341321813641238,0.7495137969920578,0.04765288816990213,0.2866778270126264,0.0802728695082866,0.17942964001870032,0.04453179543431475,3,1.5811388300841898
COL5A2,0.30744866426484263,0.07001127234971301,0.6302622210688757,0.05055342304389565,0.26222630190740415,0.05813137522911337,0.6998831229546517,0.05078508687959606,0.23506623506623506,0.06176444219523742,0.49704099821746883,0.17216195297946843,0.7343877318068717,0.08519315530230966,0.17518037764605782,0.07505895212041727,0.1405329593267882,0.032332783524409416,3,1.5811388300841898
COL5A3,0.38522566509893696,0.09617198477071422,0.7495325067089772,0.08681681307347766,0.4176986030627819,0.07213332652929899,0.7452080411407199,0.05206508346541813,0.3156267507002801,0.0928803915173703,0.539607843137255,0.1732073004668827,0.7837655677655678,0.07546410941922128,0.2640956136637683,0.11118103571478322,0.1534361851332398,0.03319960312956224,3,1.5811388300841898
COL6A3,0.3268180708180708,0.04514022655692756,0.6744801463239342,0.05617012348655874,0.3193332021123236,0.03359888803029657,0.6868630201028518,0.06371988163421877,0.254662471395881,0.06506017318782716,0.49596405228758167,0.1331356415607133,0.7255952934545198,0.08145607221385442,0.17193291338548217,0.0850753954738604,0.1577606358111267,0.03748533103794474,3,1.5811388300841898
COL6A6,0.32116780045351473,0.04837065436843103,0.6615560075983319,0.04454998356144733,0.32406726500667216,0.07683436923063604,0.7105890603085554,0.05776484058294137,0.24939401622718052,0.06685036698994447,0.485462772521596,0.09985330271511092,0.7480834896810507,0.08026435919633025,0.18375355470039506,0.04509987615869736,0.14256661991584854,0.03113522006188267,3,1.5811388300841898
COL7A1,0.4455325463067399,0.03616428689160765,0.7267151243838569,0.04697000741446799,0.40073973387726436,0.10823621528677785,0.7256661991584853,0.04855044890385908,0.34618881118881123,0.039454056486386356,0.629702181876095,0.03756731032670595,0.7430394564159011,0.062154834099796365,0.3038862925732015,0.028018654491865715,0.17720897615708275,0.04556364332780826,3,1.5811388300841898
CPAMD8,0.2718395633038451,0.06471953989153596,0.5662670862887665,0.07882917436440248,0.24933119101314566,0.07139933255386566,0.6500467508181393,0.05135309245300281,0.20701098901098902,0.0551087890065626,0.4127272727272728,0.09640936593620138,0.6971383339838624,0.05425610932796114,0.08605335561131428,0.09151454015976146,0.1599111734455353,0.03572600740217538,3,1.5811388300841898
CR1,0.2571125352785301,0.08596981412918761,0.6259667796118169,0.0477489344109908,0.28092792841428793,0.04756749031356141,0.6631837307152876,0.04088946396447598,0.1931114524662912,0.07355222134105562,0.3961631016042781,0.10309423737881795,0.7065848814733975,0.05444151510090834,0.08330132124422462,0.07476571856070667,0.1468910705937354,0.03308295558153213,3,1.5811388300841898
CRB1,0.4087574801934501,0.15188487589482938,0.6919851244768686,0.1173636768674002,0.3904824769561779,0.15089177225612257,0.7038569424964937,0.07986262474086074,0.33950310559006214,0.14637420527665218,0.549949919361684,0.17459116258225946,0.7439798570500324,0.08375890816127915,0.250646599712458,0.18845411604908663,0.1878214118747078,0.04193508646107094,3,1.5811388300841898
CSMD1,0.49464145092246187,0.062081803595928284,0.6770558762225429,0.09665839556108793,0.5409077402839065,0.12287621093371187,0.6523609163160355,0.07095960511739446,0.5336546786546786,0.11976143374853737,0.4768835331335331,0.07845730024161708,0.752037037037037,0.10842904920067507,0.24041467653375737,0.12688882437950658,0.3562412342215989,0.041082239876232295,3,1.5811388300841898
CSMD2,0.5477246229125928,0.05574263010198959,0.7137088148766553,0.05195489506825204,0.5478444371047944,0.10118801707088554,0.6974520804114072,0.0660177173986698,0.533842627960275,0.14221465917991816,0.6076094276094276,0.13000984948521024,0.7452262213529819,0.14034115324431562,0.34748763373660035,0.08958881441424055,0.30684899485740996,0.05650830489083855,3,1.5811388300841898
CSMD3,0.5370156925320659,0.033054058104266135,0.7023714024457627,0.04623786550165979,0.5569856633072362,0.07739841737393395,0.7083683964469378,0.04381684422227546,0.5427667984189724,0.08728610634624569,0.5398345358345359,0.039909416824122974,0.786072319173017,0.06662241828720715,0.327718231132358,0.07406204657800787,0.3133473585787751,0.0384347813462666,3,1.5811388300841898
CTNND2,0.2404531859267287,0.06535961490924175,0.6303617541376482,0.030031934975998525,0.1997286721027823,0.04781599504676639,0.6757129499766246,0.13766959028949563,0.18159294016679411,0.069290045748566,0.4366633366633367,0.1141019214727953,0.7109164026572848,0.16893784141349166,0.11454614430981606,0.06590388569358437,0.11229546517064048,0.02370089543804393,3,1.5811388300841898
CUBN,0.2844599844599845,0.09611479677863906,0.6813216795758044,0.0696923266842579,0.30488452083381606,0.07441716872163219,0.7085086489013557,0.08936482629881003,0.21303030303030304,0.10551372878359618,0.4856293706293706,0.15300391276095637,0.7385975609756097,0.10878072705868909,0.16779661446394475,0.12070978699341219,0.11664329125759702,0.02079229168577567,3,1.5811388300841898
DAB1,0.2617836323718677,0.1283304732562379,0.6662561130890442,0.04964257261247837,0.2920398045669597,0.11272960093244017,0.712809724170173,0.049841612689088995,0.19022601065944716,0.09681213373990395,0.45797313797313793,0.24086777460906572,0.7435143373523552,0.07428382129739082,0.14646267940342877,0.14033076346512255,0.11659654043945769,0.03436648237263653,3,1.5811388300841898
DCC,0.46852422543257016,0.04984871533120072,0.7215420077213186,0.03917512275554407,0.41771877253169326,0.10762235606664429,0.7235390369331463,0.046406192387253915,0.41588509316770184,0.0785323313037283,0.5482068808384597,0.04445323443999775,0.7732587304649816,0.06653431555790762,0.2964387822423237,0.06965755641827813,0.22028985507246376,0.011964750570339461,3,1.5811388300841898
DCDC1,0.3262706496402149,0.06473403938269995,0.713731381019803,0.09145535221017244,0.33953129968879187,0.1818698298686319,0.7169705469845723,0.06899259015764583,0.23926218708827407,0.07351819976177912,0.5490909090909091,0.050041305252810475,0.7419969392934423,0.08295892819483264,0.21452830388872818,0.06798335402215183,0.12304815334268351,0.027731452779827432,3,1.5811388300841898
DCHS2,0.2949564342667791,0.12790283033800634,0.6830227929785695,0.10527894360846585,0.29571267161241904,0.14914103144772956,0.6997428705002336,0.04572044178136663,0.20886446886446883,0.09330892609091947,0.5252813852813853,0.23996620265143012,0.723795790803891,0.06666137082201462,0.17707327964006456,0.1528186384630917,0.12526881720430108,0.016289238970792454,3,1.5811388300841898
DMBT1,0.4551920840170247,0.12131959720512005,0.7181567709364097,0.0950193225360909,0.4703191941045179,0.13140804632911954,0.7039738195418419,0.06061511080423231,0.38462433862433854,0.1115854300258753,0.5624761904761904,0.13906653491687654,0.7412223722854632,0.05767907089191727,0.2716127931982967,0.15160458736207275,0.2223702664796634,0.03393176345141823,3,1.5811388300841898
DNAH10,0.4586257510248924,0.06829626575110466,0.6857846710668984,0.08402939570017277,0.43297519400327833,0.07611019847395352,0.6803880317905563,0.06695879705710951,0.38603948896631823,0.08892849515771317,0.5803356216628528,0.037650709829904115,0.7109254709254709,0.08541704639297318,0.2607155426489478,0.09097364118096372,0.23099579242636747,0.038512148100989796,3,1.5811388300841898
DNAH11,0.430406802603125,0.017488516838623375,0.6293173626614473,0.051128916271891915,0.3712710579748895,0.06360068842280649,0.6717157550257129,0.06904948059747365,0.3733738756845303,0.059819518070311294,0.5292631578947369,0.07638681880009875,0.7144482737990214,0.10367453039441005,0.22261946779748437,0.06734916625669274,0.23335670874240302,0.02596165160002283,3,1.5811388300841898
DNAH17,0.3667094017094017,0.09139136433042426,0.6619543600148768,0.08565547450270596,0.3407665318242732,0.08401005786813341,0.6890603085553997,0.0633483073890118,0.2966528640441684,0.08605134947217673,0.4869230769230769,0.09051392141772556,0.7325343153850177,0.06877965069969919,0.18788222457397077,0.11063423260088755,0.1835670874240299,0.032354428837773966,3,1.5811388300841898
DNAH2,0.37218675417153607,0.12606333934101463,0.6260796515669285,0.10236349703522506,0.34479440398101185,0.1605591304829563,0.673632538569425,0.10450303354943201,0.3067142662858697,0.12742097723634777,0.5033579423672303,0.13043071096901393,0.713232197951376,0.12670702875435494,0.1890303062006272,0.16732816571373474,0.18793828892005612,0.028326352153008577,3,1.5811388300841898
DNAH3,0.4763669819771046,0.08257169069521655,0.6726394389402321,0.055794764335245606,0.4763873069274629,0.11662244054938631,0.682398316970547,0.04577475716322342,0.4502846320346321,0.11338396957901577,0.5172486772486773,0.06518638767529636,0.7479344194740019,0.05597964630636601,0.2557661422673847,0.09784263122242619,0.28270219728845253,0.060853636167112556,3,1.5811388300841898
DNAH5,0.632912244810979,0.06236521704825252,0.7191429214020404,0.07175375982839952,0.7344551670725397,0.07490237908196484,0.6672978027115475,0.06755551861608955,0.7266442652329749,0.0844022102468016,0.5716138583696473,0.10015002099638329,0.7749043020471593,0.09586160282459702,0.3550854773093717,0.12464172796912924,0.5053295932678822,0.054229223566398366,3,1.5811388300841898
DNAH7,0.5326110383419758,0.08670172534312928,0.7004390230465891,0.0888148955263889,0.5764182731430306,0.10465857980925874,0.673632538569425,0.0892892283337765,0.5360166703146536,0.11778344431324675,0.5430647809735685,0.10455681623480416,0.7447400906479162,0.11276272142466968,0.2890396048628493,0.1631491639940656,0.34118747078073863,0.051367122366355156,3,1.5811388300841898
DNAH8,0.5203272616879174,0.06996442255276922,0.7042158605587204,0.0624406701521148,0.5185320524771275,0.049851248552026675,0.6933380084151473,0.054179438224449636,0.49901310401310395,0.09501779815885497,0.5621505376344086,0.1253581122969294,0.7491632844402256,0.09558652751176212,0.30467552378914986,0.1030723469010341,0.3003506311360448,0.038963939224424586,3,1.5811388300841898
DNAH9,0.45429459572103364,0.06508203826657406,0.6279675630782371,0.04225998935974891,0.45763483181038833,0.14182335549984687,0.6414679756895746,0.04583075184712161,0.43737230128385046,0.1302319271145521,0.5095670995670997,0.077491958643167,0.7105291497443454,0.09197635899667263,0.21254734969908803,0.07970060338096245,0.30018700327255726,0.0720385869610137,3,1.5811388300841898
DOCK3,0.3670269278743855,0.09919605511977739,0.6562289562289563,0.08245078368835228,0.3187487397185397,0.10057382836499255,0.7126928471248246,0.07109028389041903,0.2856819343359944,0.09779518125203286,0.5398601398601398,0.14135131633820847,0.7433095238095239,0.0763755378973899,0.22300813525225469,0.12048193020079952,0.15984104721832632,0.0581799797385437,3,1.5811388300841898
DPYD,0.4359508348794063,0.07087527933970642,0.7185296322568788,0.08126264522805174,0.39881296612465966,0.10228816109240542,0.7343852267414679,0.07976212284200941,0.3613067595459236,0.08352417829917423,0.5760964912280702,0.12157348351804237,0.7701213358490354,0.08943360302298942,0.29294948442785074,0.11794181185321001,0.17716222533894344,0.03973255741980623,3,1.5811388300841898
DSC1,0.33169484797967763,0.052536738479778675,0.6858040132504295,0.04967860329941075,0.31127262483367846,0.06792812142072999,0.6998597475455821,0.04149217416826472,0.25076957488997437,0.05026453058929497,0.5000339529751294,0.052724810125271866,0.7346379705547221,0.04318853288890611,0.1818588166139465,0.04971052173446916,0.15121552127162224,0.03834977904345005,3,1.5811388300841898
DSC2,0.27595216874628636,0.05218134913844478,0.644572739064609,0.0591868760620048,0.26019752875622554,0.1209038329187747,0.7039971949509115,0.05922262647363787,0.19773268398268398,0.03393996379019019,0.4767832167832168,0.16665701636364558,0.7340974104185486,0.08580156174996248,0.15243972719584523,0.0618983714586745,0.12092099111734456,0.01141380797096381,3,1.5811388300841898
DSC3,0.35551253132832084,0.09522888595660291,0.6823598315129471,0.08028540880487964,0.33923113758036305,0.09723573142018152,0.682608695652174,0.05200868302053471,0.26273487691170616,0.06910530919511207,0.5580415499533147,0.17245559718878653,0.7019815960513707,0.0754885288666011,0.20272641042680042,0.10213584850652976,0.16192145862552593,0.03386708775029057,3,1.5811388300841898
DSCAM,0.5045592046027968,0.041577449911759254,0.6729673028880201,0.0619193403547027,0.47168331417067827,0.04662421869900865,0.671856007480131,0.07293055517738457,0.4776070576070576,0.0314809650778583,0.5420775831719767,0.0876218627083892,0.7292783698341587,0.07638756624887132,0.26157298004179086,0.10559664429365734,0.3109630668536699,0.06589873587926864,3,1.5811388300841898
DSG1,0.26502239463679544,0.0730904749182195,0.6451797944680819,0.061011315917612,0.25960707303728625,0.08863141089753551,0.6736792893875643,0.07692556436070289,0.20127164502164502,0.07437846347518459,0.4246606334841629,0.10899184343194743,0.7155206104692626,0.10242739314233333,0.11011052777881078,0.07826868383011938,0.13817204301075267,0.026437008949899372,3,1.5811388300841898
DSG3,0.2753876882156928,0.1294404890504442,0.5838665459862998,0.09745103973912031,0.24543573253114567,0.10801137822070629,0.6564983637213652,0.11280917683746831,0.21335256563805077,0.11156771023702752,0.4050032320620556,0.13931131999587326,0.6980847171097848,0.12344593022688435,0.09342052222180364,0.17349695927770103,0.149041608228144,0.027932806934852214,3,1.5811388300841898
DSG4,0.3581138234624198,0.13284536540427794,0.6316183577548802,0.10444046669137708,0.3453189189408003,0.1446914021557056,0.6996961196820944,0.08859764185019134,0.29729466611819555,0.1309315321703421,0.4778787878787879,0.14197690265016374,0.7405529005376017,0.11003106459593945,0.19588888935938883,0.15343759905201196,0.16848994857410005,0.03464074737005176,3,1.5811388300841898
DSP,0.4039903258994465,0.09484638642362798,0.6713287613987389,0.04386159591527986,0.371996437257381,0.09837433080088508,0.6824450677886862,0.08270444692625245,0.33166666666666667,0.10807661891248983,0.550687994496044,0.10059485944351439,0.7157275235141134,0.11120798948574577,0.23121882492067442,0.1168555386029523,0.19216923796166432,0.0201195609912465,3,1.5811388300841898
DYSF,0.3896736596736597,0.08310544745096966,0.7068760102182399,0.04598389269117591,0.3698484863175756,0.1281912006363664,0.732258064516129,0.059424501325556524,0.30125082760376876,0.09016937703041511,0.581025641025641,0.06409230687166355,0.7585514093196722,0.07566105397438323,0.2698335319120718,0.08341121642734431,0.1447872837774661,0.022983715695780393,3,1.5811388300841898
ENAM,0.2220466165605747,0.0828294461174207,0.5969167804776908,0.06381548666128464,0.20097995354294823,0.07289771274547452,0.6585553997194952,0.09049897622128072,0.15702971746450006,0.06091365583475485,0.3866666666666666,0.13611677992730278,0.6943467955516148,0.1044658246597608,0.059399475543458334,0.11027514731981891,0.1252921926133707,0.025115378646721517,3,1.5811388300841898
EPHA6,0.4297491337491337,0.09525144194132515,0.7087315686292295,0.11205513700162784,0.388193420032784,0.12128892659962524,0.7320009350163628,0.08081682172709455,0.33733679302441977,0.08922015551490416,0.6046679197994986,0.12299171175625581,0.7588875650279159,0.07454567708578934,0.2946271870177881,0.14914472923595837,0.16414212248714352,0.027804162302184073,3,1.5811388300841898
EPPK1,0.2917582417582418,0.02316494619429941,0.6514697856658515,0.04406303926681102,0.32132006554645676,0.06704616379425961,0.7040673211781207,0.05730671160494495,0.22861367127496163,0.054292886970429395,0.44687314319667265,0.09217095260247012,0.7492451725519762,0.07648530017664183,0.15054043447916454,0.04639987517484533,0.14055633473585788,0.03746520989019791,3,1.5811388300841898
ERBB4,0.3066069622995811,0.06611227165878901,0.633473194301046,0.074429719993782,0.30216166506415026,0.07111335293151214,0.6891070593735391,0.06390941147495241,0.2477401477832512,0.05777025006106479,0.42671968554321493,0.1465396282460891,0.7431762889780796,0.07112548664951292,0.13690684236067288,0.1047724022452523,0.1662926601215521,0.03448659191950524,3,1.5811388300841898
ERC2,0.3725427162735012,0.09096657983473973,0.6866235370666487,0.07969057286669551,0.3199791648305898,0.08678722881829706,0.7169004207573633,0.0724540779839592,0.29283783783783784,0.0903431693023382,0.5322021116138763,0.10680168265985478,0.7492765129607235,0.08834539856477151,0.23131445316538657,0.10933929115398136,0.1554464703132305,0.021823169737230128,3,1.5811388300841898
EVPL,0.27251053321622687,0.10519615159856016,0.6379644243565545,0.08039023050449629,0.22760120015083113,0.06941471813829733,0.6846891070593735,0.0382375896125224,0.19518801645688785,0.07472002573518868,0.5052106227106228,0.26086419883636697,0.710310642997883,0.07479698601033018,0.15152024365785907,0.13546505537522527,0.12732585320243106,0.04178297975603223,3,1.5811388300841898
F8,0.36319854866623225,0.10332611819483999,0.6847244019769482,0.07846087443480732,0.33191460286971886,0.06156342183093012,0.723562412342216,0.04666464416521168,0.27479217949806184,0.09573474822781855,0.5879824561403508,0.12225895877572063,0.7468304172602708,0.060427577380643686,0.2473302921503905,0.07717170123297037,0.14464703132304818,0.05756254404825482,3,1.5811388300841898
FAM135B,0.5101532091097309,0.04576394068617664,0.7127198989948966,0.009785998011804482,0.4707377282274335,0.05658048169499166,0.7213417484805984,0.061664820911214634,0.45999405519081626,0.08429275839692722,0.58872306183519,0.062491345383360694,0.7612511721207375,0.09983524717218079,0.32983372472401046,0.06860436839537545,0.24415614773258532,0.030130258508100246,3,1.5811388300841898
FAM47A,0.3211600293013258,0.09458627926643436,0.6619859688739477,0.062413436959985025,0.24219454208019017,0.08536674609574328,0.6802244039270686,0.08988019569202212,0.2310138417791908,0.08128146458410648,0.5715201465201465,0.1151392457636098,0.6983403656821378,0.10574512755974617,0.19750613780702891,0.11246059770583973,0.12964001870032724,0.025552727681129116,3,1.5811388300841898
FAM47C,0.31989463536091944,0.07781126777123641,0.6708771171665788,0.05442304607649032,0.3001044242615987,0.09498172792839032,0.6995558672276764,0.06604667954390168,0.22951901389981644,0.07590128211660405,0.5594153069153069,0.12374411810633212,0.7200641656744549,0.08233426612425503,0.20168405199849268,0.08963239892149212,0.12744273024777933,0.02991899412436026,3,1.5811388300841898
FAM83B,0.36367888110938007,0.04976268765126524,0.6697187580899311,0.035729547750810255,0.33395830897790135,0.06583311511007424,0.6802945301542777,0.04958518807620584,0.2827032967032967,0.03480372430939998,0.5225116713352007,0.13018439117053549,0.7145224342592764,0.06630450835388453,0.19137798490453264,0.077244635894351,0.1792660121552127,0.036171736710992164,3,1.5811388300841898
FAT2,0.31854238333434887,0.12700087617869124,0.6533541400032364,0.09161066398360962,0.27766734182270136,0.09791159151857477,0.7215521271622254,0.05977838703454338,0.22940333585011247,0.09522252946563124,0.5417094017094016,0.2015122896093762,0.7477596098680437,0.05876723141705725,0.20900316586214243,0.16449540339123533,0.12099111734455352,0.018023031589854407,3,1.5811388300841898
FAT3,0.48567257296405675,0.08871012759624991,0.6901354024662696,0.07616992343959611,0.5252768811737782,0.08265839236137588,0.669518466573165,0.06672955676855935,0.44916488709592156,0.06404403288927465,0.5320692640692641,0.12463505843269454,0.7269229917236589,0.05088775406770925,0.24581879500733037,0.13671890589248234,0.2980598410472183,0.04608027775599497,3,1.5811388300841898
FAT4,0.44856969284049397,0.08785589345530317,0.6333547201255534,0.09394869848788096,0.4723520386131469,0.0910995319170597,0.6347124824684431,0.07559368403369854,0.4420148258857936,0.06270565088471147,0.4699999999999999,0.13833866706584802,0.7152813852813853,0.10208256674789018,0.18219548677275868,0.14106096363997883,0.3219261337073399,0.026341918469824824,3,1.5811388300841898
FBN2,0.31879417879417876,0.11923392756829534,0.6986131709360552,0.12849405700103972,0.3114124210771332,0.1877612859307456,0.712809724170173,0.09660064207936936,0.23459480343861686,0.10003425735367272,0.5062937062937063,0.13436565499762368,0.7422804097595141,0.09175529078556398,0.18913979340910422,0.16933903544750092,0.1252454417952314,0.017916263707182814,3,1.5811388300841898
FBN3,0.23405405405405402,0.07587556718925326,0.6463516727115893,0.11475201815765886,0.22391153720310025,0.07533860993459891,0.6824918186068256,0.042918199553381456,0.1717357910906298,0.06441710066627684,0.40189393939393936,0.14913134229383773,0.7226217983984351,0.06680592979240588,0.09247290892677722,0.08516929060887744,0.12323515661524076,0.03180018004652,3,1.5811388300841898
FCGBP,0.34601137062943044,0.08605104354558667,0.6436329527482466,0.0600836469247691,0.35303914108637213,0.07888724581578932,0.6716222533894343,0.06222748370123451,0.2907930484518506,0.09487330906121921,0.45601023017902814,0.0849763248889288,0.7233445478547076,0.08147355900641348,0.15521331135777933,0.0846106637671935,0.19448340345956053,0.058448865377411875,3,1.5811388300841898
FCRL5,0.35582750582750583,0.06914821272768638,0.6854788889101202,0.059651565963155934,0.34840044797443787,0.08212674403299773,0.7256895745675549,0.05164881137019858,0.2815291068580542,0.08836411576734171,0.5415037593984963,0.09548811127032336,0.7617673918882623,0.06698722540165086,0.23161771141291276,0.03505093218345589,0.1491584852734923,0.06247875607659099,3,1.5811388300841898
FER1L6,0.38965818759936405,0.07575387612611156,0.6885647447971694,0.10188785060320889,0.3362965158502756,0.1003255748245165,0.7148667601683029,0.0356657538003884,0.2950611888111888,0.04353780899285003,0.5960729466611819,0.1751074004091881,0.7403023426803915,0.04699808472813694,0.2581606807471277,0.10746711085031345,0.1599579242636746,0.03176536622655144,3,1.5811388300841898
FILIP1,0.24044733044733047,0.054316249611879454,0.6475068298044049,0.07178837811299443,0.22317158944141835,0.05407413143188458,0.6802477793361383,0.07032562814691992,0.1765253651369804,0.06198378807401675,0.4147186147186147,0.03570936605234153,0.7180128636060759,0.08657179968291807,0.09842606222388724,0.0610373604716833,0.12103786816269284,0.028390490471307088,3,1.5811388300841898
FLG,0.5328766191252958,0.08140300337906727,0.6951583763622254,0.0714674657038044,0.5401714125606402,0.10491481382508769,0.6891538101916784,0.06591930634393751,0.5322222222222223,0.1132706798495544,0.5463226683916339,0.08298477527693544,0.7571116708965294,0.0949674348730483,0.30552353372897045,0.12189569027237812,0.3240299205236091,0.042395978205256785,3,1.5811388300841898
FLG2,0.35921009042184077,0.10214816543779454,0.625397661724137,0.05505113644458659,0.34938384848623005,0.12972603885182105,0.6523375409069658,0.10152934762682546,0.3392440387812258,0.16433815429730966,0.4373365764670113,0.09033729959409947,0.7199514478931853,0.1422232627473632,0.1560585174581744,0.15499322883957983,0.21802244039270685,0.04487695022183018,3,1.5811388300841898
FLNB,0.34803226822965905,0.06681886072297467,0.7371054094611164,0.09908006149793984,0.39146328157497756,0.13954159571050603,0.7560542309490416,0.04542589921709914,0.2534139379490423,0.027043141679283646,0.5891575091575091,0.2255272119126044,0.7812710005677717,0.052893650701133964,0.2603115377355188,0.11820737199916675,0.11867695184665732,0.03278454247518897,3,1.5811388300841898
FLNC,0.3384961334961335,0.06012338848141958,0.6696232275391077,0.04502126538636566,0.2952013685749576,0.06090171825500228,0.6608695652173913,0.06778836388180812,0.2775765913696948,0.10141036034784749,0.4991998713360942,0.12718029896584046,0.70271003557268,0.10713400593878385,0.16659125031144525,0.08221254150339878,0.17933613838242168,0.04657323683193051,3,1.5811388300841898
FMN2,0.3953216374269006,0.057387463978231995,0.693998738998739,0.07104766573338152,0.3494799834774572,0.09802650183593091,0.7106124357176251,0.05807719054123506,0.3157894736842105,0.05608549951980976,0.552020202020202,0.1457619856952738,0.7423572270401537,0.08484317370417095,0.24427558159529195,0.07245486033681407,0.17503506311360448,0.03325286479554374,3,1.5811388300841898
FNDC1,0.24711779448621551,0.0324287921473291,0.6282919950276761,0.05506090263307499,0.275608973323077,0.10211432534257484,0.6629032258064516,0.06401365483241345,0.17346862341300606,0.03808204507888561,0.4691666666666666,0.09706534962985212,0.6914052510956535,0.08219163699099691,0.10761386659183328,0.04650862428292544,0.12330528284244972,0.04164777026470089,3,1.5811388300841898
FRAS1,0.3658369317385711,0.08727925173448983,0.659454091192236,0.08346635116063911,0.4074229256846159,0.10787409645423109,0.6867227676484339,0.07018252960326828,0.28675213675213673,0.09267692849999164,0.5402002442002443,0.03561555872975828,0.718211132403084,0.07542236724763149,0.20595152859336258,0.089305170829963,0.1707807386629266,0.06608058014798067,3,1.5811388300841898
FREM1,0.3424725921433077,0.05593451982622849,0.6737233340567703,0.05064515933341773,0.3393915172256932,0.07635835269121881,0.69109396914446,0.08590335619047057,0.26598290598290597,0.0775769632153184,0.533073593073593,0.1248966890027844,0.7217021323844417,0.11136544095962897,0.20137278654856164,0.09367315428326922,0.14906498363721363,0.018058467999859707,3,1.5811388300841898
FREM2,0.3281149480533886,0.09329437333658437,0.6703338525398592,0.07172783950744444,0.28584029751090323,0.09295360967068515,0.6890135577372604,0.04200094971705716,0.2351892551892552,0.07468667952350418,0.5698519127930892,0.1834024898562391,0.70788667339925,0.0598474307690751,0.20333913826048663,0.1141265088887242,0.1360215053763441,0.028792156623078834,3,1.5811388300841898
FSIP2,0.3306776509254454,0.15664905191441847,0.69645685698116,0.09954911510866005,0.2830314274110308,0.13974121435043133,0.7125525946704067,0.07120131952090301,0.2366614994201201,0.1285942150539582,0.5820454545454545,0.20692804274924426,0.7298316285258171,0.07058029873287983,0.22509953789500575,0.18421930912654205,0.12311827956989248,0.03193370919317818,3,1.5811388300841898
GFRAL,0.2522991294419866,0.11778344795929505,0.5668702274836782,0.13805404267753751,0.22457938264906088,0.12719903056208298,0.6760869565217391,0.05144990726976929,0.18531847114077368,0.09594603123615429,0.4333333333333333,0.1296362432175337,0.7093567078210928,0.0469548546499432,0.11072317997226169,0.11311576573530037,0.1252454417952314,0.061528943395334136,3,1.5811388300841898
GIMAP8,0.24584663322693417,0.0832950926717568,0.6329015780281603,0.03557256913267829,0.2130257000790902,0.1020864180366636,0.6867928938756428,0.055055192426814455,0.17606023606023605,0.0767789110600331,0.46461538461538454,0.1247535374324377,0.7163508959395035,0.0753482911699497,0.1260097252310727,0.07126655118223084,0.11241234221598877,0.03739338551381397,3,1.5811388300841898
GLI2,0.2837704845935609,0.10952428735091946,0.630045106629493,0.06464890959169636,0.21303238392546925,0.09742702502975026,0.6996259934548854,0.09199522836025036,0.2041673458714537,0.10019217358259451,0.5048951048951048,0.14950795278858423,0.7245237071657387,0.10644099518446934,0.16683412125082456,0.13315850521009293,0.11444600280504909,0.017828902756725877,3,1.5811388300841898
GPRC6A,0.30265242004372434,0.07928034990171674,0.6758547284662118,0.09708282685787292,0.3015095829056897,0.10490356692189913,0.7212248714352502,0.0656477878187016,0.22171532171532168,0.06875646998791894,0.48699633699633693,0.08061313232267256,0.7528412297877425,0.06460266094203945,0.17846025415728356,0.09939901628253367,0.12304815334268349,0.026881136038528628,3,1.5811388300841898
GRIA1,0.3409134248665141,0.09134129922883306,0.671295815766074,0.054882435744437234,0.2916450280951501,0.052103339478714844,0.7170172978027116,0.07350768966856887,0.2498591686091686,0.08460723597698783,0.5645421245421245,0.12783289762371847,0.7404173956296525,0.08036366784899372,0.22651121222609216,0.1217618675611231,0.12734922861150072,0.018648683949724208,3,1.5811388300841898
GRIA2,0.24421383965392449,0.1373187517533561,0.6544217818096459,0.08456563847308134,0.26466946918752343,0.09850312382891312,0.6888733052828424,0.06779191041969308,0.18971622604899344,0.1413991512434165,0.4136475615887381,0.18836148202812275,0.7290474680677598,0.09576858658093489,0.11153895870766414,0.1425926234308173,0.12297802711547452,0.03882503454080545,3,1.5811388300841898
GRID2,0.3722465590009588,0.08911598234753824,0.7143227806688277,0.08767216352705029,0.31383096163308677,0.08777590070551412,0.7191912108461899,0.059762331716623096,0.2823939393939394,0.09578732276736038,0.5850202429149798,0.1499274521736256,0.7414460600114609,0.08161919477772431,0.25134394606331795,0.093229305773237,0.14672744273024776,0.04435846498360065,3,1.5811388300841898
GRIN2A,0.4336753140778689,0.0450320295742513,0.6882113210985119,0.03580194100650066,0.44513685045482776,0.04365918154965797,0.6934315100514259,0.04097603199126245,0.3957915632754343,0.05773154726282631,0.48219461697722565,0.03232732131558067,0.7608358848744642,0.047671760982019945,0.22948601397339238,0.07124175017263991,0.24193548387096775,0.010583343916682543,3,1.5811388300841898
GRIN2B,0.35190580105473723,0.1589843877791901,0.7140239016000258,0.09389598521644534,0.3647683374154249,0.16472679977790808,0.693221131369799,0.09691677590432063,0.28837181337181333,0.1725025612990737,0.5680116959064329,0.15259062657794129,0.7268531430370511,0.12001507489975977,0.23004741718608185,0.15183713322399697,0.14885460495558672,0.06041031792323922,3,1.5811388300841898
GRIN3A,0.3029714145503619,0.06785297171845146,0.6472605353977903,0.09976016894136003,0.23735978422291532,0.06010530773085448,0.6867695184665732,0.08551139512371471,0.22627424953006345,0.07626231995969958,0.5292007992007991,0.17867085249045833,0.7146039327411877,0.11626957961424358,0.17775583501777037,0.09502662334158693,0.1317671809256662,0.029974530501103755,3,1.5811388300841898
GRM3,0.33616617803006676,0.10765012508644033,0.6314258536805515,0.034743103073508266,0.2770596142146132,0.11391240991441497,0.693361383824217,0.06158991134329963,0.2517922077922078,0.09408794685808759,0.5336538461538461,0.11437862743625304,0.7188601843741556,0.07280261767827502,0.1983365948142227,0.11342698877674781,0.14261337073398783,0.03556025160308072,3,1.5811388300841898
GRM7,0.24964392964392967,0.08402981990773398,0.6230917944182712,0.09507758747829273,0.23223339835381634,0.1108501331576757,0.7041841982234689,0.056915881074308436,0.19399439270407015,0.07786735243172715,0.3762337662337662,0.12528264927247196,0.7542886680439423,0.07095135885307245,0.10325766036712702,0.09942773579324868,0.13172043010752688,0.025490720144277064,3,1.5811388300841898
GRM8,0.28787124340367914,0.05810674173542036,0.5831148941039135,0.051468185678141376,0.2303274693077324,0.07675637505723819,0.6737494156147733,0.07940716260010316,0.20839831468540368,0.058813916846433584,0.49018981018981017,0.07008126939472291,0.7014387449815889,0.09735722421197161,0.14361464013651343,0.07499627533570252,0.1318139317438055,0.018311018933570292,3,1.5811388300841898
HCN1,0.2863079634493359,0.049568619474211026,0.6691596316635987,0.06033787426013652,0.2825302185852284,0.08749650918344005,0.6911874707807386,0.02970521563614124,0.20694564694564693,0.05087436377299661,0.5235819735819736,0.17499450057825344,0.7214953822257671,0.05307914188236175,0.1670467236585667,0.07734755883773982,0.12727910238429171,0.04219714575509418,3,1.5811388300841898
HDAC9,0.2847577441627785,0.06730320733770248,0.6679352285470428,0.11875896558899245,0.2926365613280642,0.06546845492665018,0.7126928471248246,0.03165042472784457,0.21813882532418005,0.06766925522861883,0.48831168831168836,0.16717216869292273,0.7519112743796288,0.06799425825411144,0.16991924843118675,0.05346387561568967,0.127466105656849,0.04410599638602264,3,1.5811388300841898
HECW1,0.2697872783065481,0.09505867991665537,0.6344658982218163,0.07965332680312211,0.27410591231988335,0.11809934545848311,0.6759700794763908,0.10392155858466975,0.20906162464985995,0.10014445838592528,0.4573083778966132,0.12336963943039334,0.7129892395982783,0.13260528766754448,0.13393446115699922,0.11463617437528904,0.12755960729312765,0.035987465254490925,3,1.5811388300841898
HECW2,0.3163851605509997,0.08457506951222707,0.6827706293742144,0.06808276214749918,0.3459677744432722,0.1457310612086569,0.7126460963066853,0.08097207623766671,0.2398962924552761,0.09726328618831374,0.5203846153846154,0.09790331542699476,0.7413942889951467,0.10389737514238985,0.19886625098879138,0.09130442429516748,0.12533894343151003,0.027422129656287025,3,1.5811388300841898
HEPHL1,0.2913368642201594,0.11047490393995048,0.6996610184957068,0.09440210055264239,0.2422282190043079,0.07096139490203505,0.7192145862552594,0.027556424960831324,0.20641847041847045,0.07447240164828947,0.5057575757575759,0.23522550382392526,0.7474555856669677,0.041177507600513766,0.17914317915052166,0.14701522936435177,0.11877045348293595,0.00720971285412335,3,1.5811388300841898
HIVEP3,0.3362272727272727,0.06894922507323911,0.7293485241274696,0.08454988848620937,0.3418098407853428,0.08523422894703814,0.723562412342216,0.07352627074152812,0.23673160173160174,0.06222461867284597,0.6188888888888888,0.1368517265573526,0.7389772091461823,0.08406397197936809,0.24653797066049582,0.08965673295153714,0.1145628798503974,0.03433723472873363,3,1.5811388300841898
HMCN1,0.37035151902090835,0.08279855693668745,0.6518256769421592,0.12199052203505249,0.35841384064933035,0.15280269657940845,0.682398316970547,0.08818454784392608,0.29538868911408955,0.09455402556673533,0.5269555927164623,0.10289383682895363,0.7191360157149631,0.09449787463119795,0.20083514792614396,0.13313004583393734,0.17713884992987378,0.047399773573806835,3,1.5811388300841898
HRNR,0.32660993264330873,0.1055730757112976,0.665797791906692,0.055965577014433436,0.3030979813104834,0.1402047691970655,0.669588592800374,0.051500620415886406,0.2463706956597449,0.10093560791576965,0.5257900432900433,0.07857038134491073,0.6963456640699617,0.05900980453734207,0.1718018746433637,0.09246703889894105,0.15556334735857877,0.059380325800304064,3,1.5811388300841898
HYDIN,0.5382456140350877,0.07887738034055748,0.6923556279435639,0.07202811288095509,0.5096030239440086,0.0715165613889056,0.7039971949509116,0.06629008020427071,0.5356716224951519,0.10272472198089376,0.5493186874304783,0.08475919628036735,0.7766173675457353,0.07469878118888078,0.324613071611233,0.13018161740144657,0.3133006077606358,0.03466617299034947,3,1.5811388300841898
IGSF1,0.31567928543495827,0.06097354821922899,0.658813989508434,0.07057638096942663,0.2991670959820697,0.09102618386158473,0.688966806919121,0.0538344349039097,0.2359867583396995,0.058353206709076955,0.49833333333333335,0.11340683890802666,0.7226648351648352,0.06690221678075088,0.16916887353136878,0.08448602432486049,0.14464703132304815,0.020465434296314484,3,1.5811388300841898
IGSF10,0.31372178113484184,0.14525151430453873,0.661109015204814,0.12821449820766595,0.29535487330255483,0.1363738735417479,0.703903693314633,0.07721715322488464,0.24789616180920526,0.13162658190100715,0.4597020626432391,0.14875217796415613,0.7450362309900396,0.08219629339651138,0.17027452519949457,0.1678815792445685,0.14237961664329127,0.03928150383104412,3,1.5811388300841898
ITGA4,0.2710504574466806,0.07152611756119032,0.692104736826959,0.10622041012239646,0.2622406537569729,0.08406662181960058,0.7019635343618513,0.045396991319219274,0.19355851948562944,0.06257762494841462,0.49268065268065264,0.06368471569996187,0.7295258136924803,0.05346175783670641,0.15164738495775168,0.024201235109209254,0.11863020102851798,0.04478922965259912,3,1.5811388300841898
KALRN,0.2807888696260789,0.15063880452314835,0.6144146586580798,0.11068211168754952,0.31890019278516035,0.12265023954642328,0.6889668069191212,0.06259801871489702,0.21825844653430862,0.11544237442947973,0.4276315789473685,0.25149734352394926,0.7338247646142383,0.07185665738944698,0.12714223817661977,0.1872012922650424,0.14894810659186536,0.043869359532141765,3,1.5811388300841898
KCNB2,0.39679321530569245,0.06943348818989331,0.6361457734898084,0.05834902282329996,0.3733476029636485,0.07371104719978053,0.6651238896680691,0.03855157051999281,0.31702037351443124,0.05659949737419871,0.5441228070175439,0.12628365210087467,0.6971784931897745,0.05656170691378223,0.20255404607926017,0.08332413098719374,0.20743338008415146,0.036025289839817023,3,1.5811388300841898
KCNH5,0.3028682919530351,0.11314356958707744,0.6083004590820064,0.12077485989134712,0.3270177129415548,0.13936361159777655,0.6370032725572697,0.0848627316680327,0.22961976552634783,0.10091022068673583,0.47750000000000004,0.17944207944777946,0.6635734191828042,0.12357641692814603,0.11937408381029273,0.11587783590604708,0.16414212248714352,0.03596335363240704,3,1.5811388300841898
KCNH7,0.408846103465579,0.10162800652172908,0.7075514444923727,0.07964733835808717,0.3791846216953293,0.1318947007288185,0.753763440860215,0.07600879187714653,0.3224938507547203,0.09977348590824008,0.5826307026307026,0.12838903218204695,0.7805528508060153,0.08997299563773556,0.2957125488313722,0.12279901192891965,0.14249649368863954,0.01543117852326449,3,1.5811388300841898
KCNQ3,0.2770689153667877,0.08761847985918256,0.6652665055492774,0.10533770660762631,0.2901147838960047,0.1225125797949573,0.6997662459093034,0.04483628006550627,0.19366048948591646,0.06527490242994886,0.4980769230769231,0.1285595202501777,0.7244969061968473,0.051590310208294465,0.15855873913612978,0.09972050591847961,0.11453950444132772,0.020112532596251773,3,1.5811388300841898
KCNQ5,0.3181873158288252,0.06689654167553029,0.6825204987806326,0.04948732591343034,0.263926448264692,0.08032123312541899,0.7062646096306685,0.06558491639299954,0.22433156601577653,0.051368669417558833,0.5535714285714286,0.10208289948540321,0.7237015065854672,0.08003787245964164,0.19964003268651223,0.061789819540847765,0.1252921926133707,0.03550177527859611,3,1.5811388300841898
KCNT2,0.34673277851235385,0.06457254727585968,0.6560088060088061,0.047512301269398795,0.28586841753560266,0.08826038216704452,0.7127863487611033,0.04592223899859551,0.27438467634869435,0.07543146984439492,0.49481934731934735,0.07117388999847192,0.753565416065416,0.06268124605049599,0.20230853070635849,0.07075709107539976,0.15329593267882188,0.023012107823599904,3,1.5811388300841898
KDR,0.317587156569129,0.05544304587309155,0.7232459857967989,0.04112389331384397,0.3017172834461782,0.12679985169935618,0.6825619448340345,0.04550894090632777,0.22342923568730022,0.0666324924881458,0.5962121212121212,0.05804236760417557,0.6973799160791032,0.0622242761261048,0.20529062130980275,0.043535875526997635,0.12517531556802247,0.03062334717602579,3,1.5811388300841898
KEL,0.3428807254126947,0.055780611499264755,0.6320649764165206,0.033589663676051575,0.2782323829649278,0.04086049663927513,0.7084151472650771,0.05147749918886107,0.263921568627451,0.0743866661138692,0.546336898395722,0.1298146791588112,0.7380102793830801,0.08214557564834814,0.21679103981851267,0.038004968760777136,0.14481065918653577,0.04117739371190467,3,1.5811388300841898
KIAA1109,0.28625818045750856,0.06933701417171294,0.6242615264826651,0.1242108136567126,0.32874401488262495,0.09430803008680201,0.6868630201028518,0.07799121251609407,0.22021985109833406,0.07848195451718427,0.46958730158730155,0.14642225219727892,0.7268290729289182,0.09139402938756494,0.14252434091609353,0.07363688769815012,0.14453015427769986,0.07285151654492737,3,1.5811388300841898
KIAA1210,0.27918835550414495,0.0722947400420021,0.6564836506519908,0.05980888647732223,0.24974334565032646,0.07143793871794446,0.721575502571295,0.07013364850866609,0.20398225957049484,0.06196137983740053,0.45777777777777773,0.08937367800973424,0.7561865982448313,0.07449229271908592,0.15848189185334965,0.10103537326270452,0.11446937821411876,0.014494544370507548,3,1.5811388300841898
KIAA1217,0.3622091899786541,0.042410075929762536,0.677267292932509,0.04485297269816984,0.34048440784476186,0.11669728562328632,0.6867928938756428,0.035520470487064644,0.2782086853587868,0.05864839696739414,0.5553137651821862,0.12758753578419085,0.717264486514819,0.059966730058626995,0.2127682754099614,0.0640650680931146,0.16418887330528284,0.030311448252479885,3,1.5811388300841898
KLHDC7A,0.19101010101010102,0.11706303737263199,0.573175434466284,0.21146502048047566,0.19296200985991271,0.10455064115381578,0.6521972884525479,0.089123801387955,0.1396428105123757,0.09443910985493605,0.3423076923076923,0.20753545438255253,0.6946470069509285,0.09832461850542679,0.03432786388786234,0.16705187309542824,0.11444600280504909,0.025855780783400492,3,1.5811388300841898
KMT2C,0.2933072755627014,0.09923913936560508,0.6523811334805311,0.08743534878120485,0.29026475652055106,0.14741590669766472,0.6716690042075737,0.06578472023656166,0.2205761272250836,0.1085546654497518,0.5111111111111111,0.13966450099973923,0.6992745875275995,0.09465025185735423,0.15805407852525769,0.10022283200054334,0.13630201028517996,0.053017648799588375,3,1.5811388300841898
KMT2D,0.25095355591907315,0.04561227779781209,0.6132369743350374,0.02920085091248564,0.2668067721575004,0.0610815744806597,0.6781439925198691,0.06764780382326689,0.18651967757230917,0.028254018608848058,0.40175824175824176,0.1386054642788597,0.7206393831119315,0.09150626397195519,0.09209953626386505,0.05229875244767526,0.13819541841982233,0.024517812369439427,3,1.5811388300841898
KSR2,0.24604728604728604,0.039903385579318565,0.6278445109255468,0.05264891749292202,0.21130899981131418,0.07810067581406238,0.6869331463300609,0.045015236120743964,0.17303582382529753,0.04201203784756964,0.46349206349206346,0.09938079899999067,0.7175043584613958,0.059477243617105824,0.12208208065374213,0.021048571356476465,0.11435250116877045,0.03415076466133057,3,1.5811388300841898
LAMA1,0.2964419810477382,0.1078559528467692,0.6730467844391894,0.11234802677837669,0.31830730938071,0.2023404989648219,0.7082982702197287,0.06982053130171222,0.22001152001152002,0.10035039620982553,0.48712454212454215,0.11197790814566187,0.73957639431197,0.08085600769466741,0.17198570321891066,0.11933348932554143,0.12309490416082283,0.02582300388600875,3,1.5811388300841898
LAMA2,0.3271419616584855,0.051455844953029774,0.6686292243194277,0.07447910792491934,0.29953273846167827,0.06391968076779225,0.6932445067788686,0.03525810670323571,0.2509322591822592,0.05421242392713965,0.5132620320855615,0.1616537433148938,0.7302685422330317,0.061706306436367875,0.18409634192660188,0.07742453911839552,0.15329593267882186,0.03813816369316353,3,1.5811388300841898
LAMA3,0.3251941391941392,0.07430820006334192,0.6384728440283995,0.06929818367898348,0.30807524147669624,0.1285761082768654,0.6846891070593736,0.07612924313026032,0.24015962298570998,0.07573425164460096,0.5345454545454544,0.1015174129101355,0.7115612782279449,0.08616915903301585,0.1856006197190102,0.1078132180495296,0.14029920523609163,0.02467304601438059,3,1.5811388300841898
LAMA5,0.3218710283826563,0.06965402883548248,0.7074207208382244,0.0426295106829311,0.272137410955201,0.07874253081598916,0.7277933613838242,0.060074801309022895,0.23347147147147146,0.08246147713039004,0.5862337662337662,0.08047548022759084,0.7498873081998005,0.07431797933398707,0.2323609951983129,0.02865691838163163,0.11430575035063115,0.04812092108326828,3,1.5811388300841898
LCT,0.35908629102032397,0.07696640747969968,0.6958529821391426,0.08921530495757099,0.32517266918696996,0.09133868191827703,0.7344319775596072,0.07404464770691291,0.2609542774159479,0.06854623835606459,0.5876923076923076,0.0758775095117396,0.7555620785085386,0.0736599045124217,0.2530093953186621,0.11069964052960184,0.12304815334268351,0.020546838309195344,3,1.5811388300841898
LPA,0.37372897372897373,0.03353245007115187,0.6957706998883469,0.06584696170467744,0.34840967373748316,0.02652876928186741,0.7105423094904161,0.04453917222319065,0.29063146997929606,0.02651776088070579,0.5253393665158371,0.058878772897659054,0.7459115884115884,0.05197996538365703,0.22040870188996253,0.05255265020958337,0.16416549789621318,0.017940074427337274,3,1.5811388300841898
LRP1B,0.5177292807970251,0.03875057808787146,0.646388433557584,0.05312663808650386,0.5669586976836386,0.10335415515488035,0.6349228611500701,0.03365831637437014,0.5590855517171306,0.097491408847645,0.49858377561550943,0.07548580669939257,0.731624218254328,0.09469140364005524,0.23830033457708882,0.06720841150263362,0.39733520336605893,0.0411660797779296,3,1.5811388300841898
LRP2,0.38602470496395275,0.1133294506683032,0.6342554788432619,0.07898058579986783,0.3538841543281137,0.04819305590919704,0.6502337540906966,0.10051737114244437,0.32680034434477945,0.10727134685330315,0.49015776012922335,0.1594740921424535,0.7011627982122914,0.09980546686277907,0.16740099126933278,0.1913304592180051,0.22456755493221134,0.03390195945444832,3,1.5811388300841898
LRRC4C,0.32904981977535486,0.1201627504697347,0.6663191470779546,0.0935866638534352,0.28146572357894584,0.10869138644942608,0.7236325385694249,0.07570744331230331,0.25084247092140205,0.10829766801562779,0.4962121212121211,0.1398953432774196,0.7561296276743431,0.08039459160424704,0.20051024239699794,0.14658469585658224,0.13169705469845722,0.022963499093362635,3,1.5811388300841898
MAGEC1,0.3513646137200926,0.0837672952691281,0.5736570650622241,0.09300979070679968,0.28159760651958965,0.05430662167996294,0.639247311827957,0.10367262722936472,0.28538082588279917,0.0836573724799262,0.4703418803418803,0.08415310134724598,0.6830415941512893,0.10982584187899523,0.13141512656655538,0.14358664540097366,0.20502571294997662,0.04984325710037327,3,1.5811388300841898
MARCO,0.3119295603092782,0.055925307990446774,0.6270277753299023,0.06681705216766215,0.22834929476076304,0.05990717032038027,0.6607059373539037,0.08297109598889255,0.21657342657342657,0.04587268081943311,0.5706818181818182,0.09948342816438747,0.674132255297481,0.09263638201474,0.17307906155224972,0.10064549726019105,0.1340345956054231,0.027921434453235253,3,1.5811388300841898
MBD5,0.23297073165157686,0.08581516579021525,0.6205537559205677,0.09995722265111948,0.244440300052986,0.08666651374095154,0.6522440392706873,0.09499456792786448,0.17084435732367867,0.07829909273170652,0.4309157509157509,0.16340745147177554,0.6906488641826283,0.10595242282451803,0.08334775444021295,0.13311130914742664,0.12526881720430108,0.039238881017616224,3,1.5811388300841898
MECOM,0.3577016425725025,0.08154169889507368,0.6183748064411083,0.11870099279636197,0.31796566095872025,0.14192557603579795,0.6781907433380084,0.08317851184337469,0.30369697506794285,0.09303512163499392,0.45663322185061317,0.07138934196175849,0.7308191138719806,0.09808598017623645,0.16694150339108746,0.09303407077620215,0.1963534361851332,0.057482894723679574,3,1.5811388300841898
MED12L,0.2916686642791443,0.012723348863664453,0.6877950254464441,0.07418118717883819,0.28841901976895357,0.06864363845648144,0.7061944834034596,0.04459425247633785,0.20347218336348769,0.02337748229754217,0.55,0.14037769537007116,0.7279532376505636,0.06707806565543128,0.18962720006496503,0.0383539137208253,0.11229546517064048,0.014309540713446882,3,1.5811388300841898
MGAM,0.548787285292992,0.03294356143716352,0.7221888625443476,0.015514527263020422,0.5956305099871673,0.046694717700676666,0.6932678821879382,0.013299765561940187,0.546325088028942,0.037767014918453384,0.553200569898862,0.04510540054950828,0.7644634425170237,0.025719964347255354,0.3167104452333107,0.02946121931576628,0.33915381019167834,0.029893163697536505,3,1.5811388300841898
MORC1,0.3887050429928069,0.051508904278668624,0.6992073843304016,0.07603304322731869,0.32075589863796805,0.052525049899787755,0.7019869097709209,0.06318760487815016,0.30210016675291823,0.044358639679394955,0.5559340659340659,0.10734160208746212,0.7335156588184706,0.06423107223718352,0.23303549506086432,0.10059795401693816,0.17059373539036932,0.02862814892690219,3,1.5811388300841898
MROH2B,0.489559891985091,0.058598388327274833,0.6969091066214813,0.0432875653639553,0.44366953457295394,0.08895531262245936,0.6996259934548854,0.0441463491440015,0.42435320782490155,0.04495537697420883,0.5860223131390179,0.10094778247984565,0.7378242124090617,0.05330107288102685,0.29376687691725956,0.08491145776345742,0.24841047218326323,0.031624647861307024,3,1.5811388300841898
MTUS2,0.3131207465303575,0.0955308314245098,0.6805963863453315,0.10800549777628278,0.24042166345371938,0.056996769232755526,0.6931743805516596,0.05199789999144461,0.22959733698390689,0.08225523647850623,0.5657342657342658,0.2832642626177978,0.7198885124096094,0.08260030421693605,0.1991696967079145,0.1489561837801945,0.13389434315100512,0.027964967214972915,3,1.5811388300841898
MUC16,0.7689414592756955,0.021244095485858306,0.6484280551699422,0.041940826325174076,0.7935424328294476,0.05699835391485654,0.6651706404862086,0.023790063474509487,0.7253053221288515,0.057280972818108664,0.8238078751041271,0.04737082007834688,0.3237148913619502,0.14830047592723145,0.16032036831272017,0.13450464932774736,0.6803646563814867,0.06701272570373204,3,1.5811388300841898
MUC17,0.5340760235061093,0.09572137037884783,0.7043780452384525,0.05441601990772486,0.561077009689036,0.1069497909009734,0.7083917718560075,0.06979976996762961,0.5256786094314699,0.16558734024370697,0.5706998059411852,0.03085221226317128,0.7705270735364275,0.11093286959810089,0.3389585234716659,0.12757218279822768,0.29156147732585325,0.05202063236553194,3,1.5811388300841898
MUC4,0.2769349520879508,0.08176317738678628,0.566998804408443,0.08595528548079802,0.2596045241955315,0.0913776948693571,0.691023842917251,0.05433692903768798,0.21158605283605283,0.07279055942484217,0.4189685314685315,0.11836622994715094,0.7368835611807499,0.056147663955230354,0.12217253932904615,0.1110749932692204,0.14039270687237027,0.027518699706757493,3,1.5811388300841898
MUC5B,0.3264738531860477,0.0569030662348642,0.6330644830644832,0.07800176337433089,0.2992367581346863,0.04511269343919319,0.6998129967274427,0.03738691893639664,0.24860644257703082,0.044931581316309664,0.4838383838383839,0.1084005198621467,0.7364223747557082,0.05551053229822087,0.1738351729053968,0.03999444611711814,0.15336605890603086,0.03020072094526091,3,1.5811388300841898
MXRA5,0.47664737773212346,0.04998833735559093,0.6989263741946736,0.037799561875037295,0.46855397400371235,0.09461447860692944,0.6781673679289387,0.04071966738645014,0.4611929386378503,0.10662782006278437,0.5202232017631737,0.10225610008587639,0.7459448653075504,0.09395707002178569,0.26106809246532353,0.07251240594945597,0.28517999064983635,0.03469821424009599,3,1.5811388300841898
MYH1,0.4443495283430747,0.07959210775915275,0.6606625231912534,0.03276717268269227,0.4371726515908659,0.10764908164732405,0.6888499298737727,0.0691699051449769,0.384122615735519,0.11752551324564028,0.5563641456582633,0.0674318141897726,0.7284308557863384,0.0972445593109889,0.2569913353912763,0.10484679918650358,0.22265077138849926,0.044804781415979,3,1.5811388300841898
MYH13,0.2998741773132017,0.13075350355599077,0.6559881448505456,0.15455027038047237,0.257150121230207,0.07664189282716503,0.6889668069191212,0.10349415839051486,0.2184695918294722,0.10584294430464648,0.5015151515151515,0.2003211379519807,0.7176286107368974,0.09778751143599508,0.16317909906452419,0.19581947092172922,0.12737260402057038,0.027582536981050208,3,1.5811388300841898
MYH15,0.3110701593191955,0.07833970424843802,0.6454667260016418,0.1113396498318585,0.28631726328597096,0.1519505482604447,0.6823515661524076,0.07695660750997795,0.2234526908256111,0.07343117700110453,0.5524509803921569,0.152489592235339,0.7014448157430613,0.10442820471340919,0.1859466815836482,0.07563559876248137,0.1316503038803179,0.03401680252493635,3,1.5811388300841898
MYH2,0.3412976956497828,0.09297419396936714,0.6089545393757397,0.03555986747133359,0.38533165007217973,0.06544331604023376,0.6350163627863488,0.030508088084109885,0.30998387096774194,0.09609547611983195,0.38573099415204676,0.1028189256554057,0.7159485346335143,0.03668189208581707,0.09578034667484091,0.10081719058690918,0.24834034595605425,0.04005485648381099,3,1.5811388300841898
MYH4,0.44869746348151657,0.10799783588234187,0.6906130998212957,0.057230898029626304,0.4120196993909008,0.12750348442640744,0.6931977559607293,0.0790271209768457,0.3854560954816709,0.1321202113999578,0.5788565820144768,0.03677435910638833,0.7295720436644338,0.10468981951696142,0.27629836009113984,0.10639988610908309,0.2136512388966807,0.05453538543692017,3,1.5811388300841898
MYH7,0.32483791354379593,0.09979814467177665,0.6727700451209936,0.09346088243892182,0.32761432585714817,0.11988978316311659,0.6932678821879383,0.0805048545376074,0.25082247153935,0.1071542926543603,0.5169230769230768,0.1340537735432443,0.7257459613557176,0.10401157657499087,0.1905870477431407,0.11841748513384479,0.1403693314633006,0.022824863095971443,3,1.5811388300841898
MYH8,0.3273903743838989,0.11195730547721507,0.6220626635542861,0.059738962439619354,0.3431342236818661,0.14708526245011128,0.6567321178120618,0.07547959042184149,0.27019289321079604,0.12531476503042155,0.4511670480549199,0.0967620767910784,0.7052451177525627,0.09340034751607294,0.13824418911939915,0.13585906718315832,0.18162692847124823,0.047138049762173985,3,1.5811388300841898
MYLK,0.3164225567365581,0.10101401435982668,0.6651321823176778,0.07567993718138952,0.2963512676168068,0.10962893238532273,0.7191912108461899,0.052003692371491717,0.233448961793613,0.08529853883549902,0.5194444444444445,0.13344098355360134,0.7458451993436832,0.06725073316680782,0.199706401811797,0.10149953166124075,0.1252454417952314,0.03185458087585642,3,1.5811388300841898
MYO15A,0.35164988444794176,0.1040926289682599,0.6762500708785539,0.03834865719784122,0.3182735589885764,0.10230608175361323,0.701916783543712,0.08658067398232326,0.26783615914050696,0.10707286779407665,0.5767614738202973,0.11810047183852375,0.7267186631737715,0.10591974786366253,0.23155522427682568,0.11051926450451019,0.13824216923796168,0.03524714057199072,3,1.5811388300841898
MYO18B,0.4158578406421104,0.10680568083496786,0.6261292156071215,0.07913714307076382,0.3269729687174209,0.14174378441743815,0.710752688172043,0.06718663507465765,0.37187494768022156,0.1435972905874856,0.4952364199268223,0.06916507410834047,0.7661709341203029,0.08670665784066856,0.24356562442296087,0.13465738526573046,0.2030621785881253,0.026039670623657748,3,1.5811388300841898
MYO3A,0.29833235619829324,0.1148451476488671,0.6848977314879213,0.09079665382105244,0.30655110493218923,0.1369327832406337,0.6954651706404862,0.05711148714948772,0.21592887241974465,0.08640285358729939,0.5133699633699633,0.2251030496275045,0.7268459915611813,0.0521578340743353,0.16934209483221427,0.16456587439074194,0.1316503038803179,0.026356434552490992,3,1.5811388300841898
MYO5B,0.2542346542346542,0.06998109594831796,0.5969013535395649,0.06389323137859759,0.21807631948797274,0.06297243808293976,0.6628798503973818,0.05583357259912558,0.18646723167496929,0.06562863228480255,0.4272882672882673,0.10960285763639463,0.7005965070761819,0.07509865580316694,0.0964733492751766,0.06780994547664469,0.13597475455820476,0.03411664777491673,3,1.5811388300841898
MYO7B,0.30889052467999834,0.12575604594261083,0.6776890536037439,0.08449540028372066,0.25216283065794515,0.09812591035968118,0.7062412342215989,0.0827874689462137,0.21952202699261525,0.10387309324384437,0.5637728937728939,0.19845031858997608,0.7259002888382344,0.0892983465673398,0.20005153024399308,0.15808018033368798,0.12082748948106592,0.038148531531350796,3,1.5811388300841898
MYOCD,0.3071197502093359,0.033740485597867936,0.654424460905369,0.037207568421133055,0.2985002735805086,0.02477663302488367,0.6717391304347826,0.0390311238549344,0.24555555555555558,0.04122647799050114,0.4442661913250149,0.13400563481271063,0.7224762522306382,0.07096857726838489,0.13311774570194287,0.04857122405279119,0.17057035998129966,0.031599801017139266,3,1.5811388300841898
MYOM2,0.20320351188042346,0.08350527719194109,0.5677173385454157,0.14449720094238214,0.24202573274732045,0.1170084502921409,0.6520102851799907,0.10984358172216072,0.1430077169207604,0.056186823232788674,0.3813461538461539,0.23868011074715087,0.6846206245830422,0.15199007064247513,0.048698977622773976,0.08532240529550543,0.12311827956989248,0.03373291020427374,3,1.5811388300841898
MYT1L,0.27345238095238095,0.08264125885052266,0.7090469355747885,0.0499169493687435,0.2894406614650119,0.06903915316169247,0.6997428705002338,0.053663748863138856,0.20758635833598352,0.08992014738870378,0.4842647548529902,0.18365730991528192,0.7331341516409402,0.08855652722333797,0.1573122271218177,0.0891020555649082,0.12328190743338008,0.04224950805360757,3,1.5811388300841898
NBEA,0.3308931811967087,0.11519965839663882,0.6442190397545651,0.07357980246808438,0.30521907775937207,0.05815100618979019,0.7019869097709209,0.04825779463746313,0.2519949494949495,0.08894556345794397,0.4909753645047763,0.1712542066225549,0.7349959965161595,0.05477878824959131,0.17945558752371332,0.12179093370033502,0.15556334735857877,0.04375980217582493,3,1.5811388300841898
NCKAP5,0.3098365500466026,0.08013462036770147,0.6752317342022626,0.09359376917088738,0.29912504334288903,0.1299512943119833,0.7019869097709209,0.07666797433282903,0.23393542680229987,0.07663042032186103,0.5155555555555555,0.17295542849796183,0.7351352647653461,0.0945060531825227,0.186473565087491,0.11398978383477745,0.13169705469845722,0.03735957889343486,3,1.5811388300841898
NDST4,0.3430472616814081,0.10466062533175256,0.6655217437495918,0.1263120349979838,0.27904274378933835,0.11304108240267843,0.7040906965871903,0.07338502966499104,0.2693076081007116,0.08956312924877964,0.4912698412698412,0.14901837196354564,0.7465509651163659,0.07493855843873937,0.1907703310994462,0.1477986325481092,0.15773726040205704,0.02427409897847169,3,1.5811388300841898
NEB,0.4281147557009626,0.08691911227021037,0.6890905548042972,0.09705580514693454,0.4542362740350918,0.06389698414406357,0.6956287985039739,0.06275973031112347,0.37619182619182623,0.06156802463029834,0.5103870858688303,0.15204797400309078,0.7506621947024424,0.06767957079886061,0.2347766894825237,0.1152960712446252,0.23104254324450677,0.05708521853249875,3,1.5811388300841898
NEBL,0.3274650678985044,0.06382863258693357,0.6728334604916884,0.06619152907652706,0.2593293523763316,0.09664575317499344,0.69109396914446,0.07002388511535997,0.24063089185040404,0.05356602183346157,0.5472374847374848,0.14815282370468738,0.7159707381226368,0.0938506024364192,0.19562086382112956,0.08676497461063781,0.14039270687237027,0.02742671222313818,3,1.5811388300841898
NF1,0.3856196872527731,0.0901457755573736,0.6957706985116623,0.11892566087758691,0.32017018732624536,0.13377214041918534,0.7279569892473118,0.05915650570122545,0.2881897887059177,0.06923631246539336,0.5973626373626373,0.17071452052205136,0.752247100289269,0.054269488872557343,0.26516858559371737,0.13787943627238863,0.14476390836839642,0.022768176414378158,3,1.5811388300841898
NLRP11,0.3119566935356409,0.0699071606906615,0.6885183391065743,0.04030448484885535,0.29325615649253967,0.07161064894569474,0.7171107994389901,0.018333236618552608,0.2469163196179688,0.07256198819419554,0.45794871794871794,0.09332769777294216,0.7641827885945534,0.03910696220034135,0.17429001454841747,0.06173792987040167,0.14485741000467506,0.040074819306883995,3,1.5811388300841898
NLRP13,0.30126984126984124,0.13925077570209685,0.6464433739776206,0.12520469645370366,0.3042141611030422,0.13924976592069588,0.7017531556802244,0.09596845293131742,0.2333396072526507,0.11734429947240152,0.4444444444444445,0.17123372230469378,0.7421883641859436,0.09276669426524761,0.1531102012322025,0.17847053142492503,0.1381720430107527,0.04881589157131268,3,1.5811388300841898
NLRP4,0.3237983289923215,0.0720149247481923,0.6247804259665715,0.08714793036621458,0.33078441340058,0.08210595238902738,0.6824918186068256,0.08625587710775191,0.24924242424242427,0.05454019334895854,0.46494720965309205,0.11698277089056684,0.7248306707517234,0.07860402139981809,0.1506027293908305,0.13770586667361728,0.1619915848527349,0.0276374056012892,3,1.5811388300841898
NLRP5,0.2959137553326415,0.13040877986993035,0.6446389723537556,0.1062336829400987,0.28740912192090723,0.15332698915595547,0.6739597942964002,0.030544357319418843,0.22381975004400637,0.07926250535867606,0.45697317388493863,0.2741031350544594,0.7154608549345391,0.07064955329859338,0.13104486423843964,0.16409303016685695,0.16414212248714352,0.017623570285995364,3,1.5811388300841898
NLRP8,0.33005674338972407,0.05829466455948057,0.6547731038025155,0.041779055009776155,0.3005403548582521,0.06337806181387501,0.660822814399252,0.06125070887612553,0.25595141700404855,0.04872835670537735,0.4943934496875674,0.15075243695615087,0.69609879009879,0.10084258171326034,0.1530413791988854,0.05105973056797876,0.17494156147732584,0.032588309106506896,3,1.5811388300841898
NLRP9,0.37026367393242043,0.09811569656889015,0.7085424034813381,0.10028150856176521,0.29390264270165234,0.1178640509697373,0.725619448340346,0.06481196275336924,0.2660213966501999,0.0859031355587444,0.6602197802197802,0.16907799583411423,0.7361804174415015,0.08070427802380742,0.28128017828838925,0.10128952356442147,0.12526881720430108,0.03282085574469179,3,1.5811388300841898
NOS1,0.4136466748266014,0.03390936330314944,0.7069175269175269,0.035056364563118995,0.3901997311582369,0.04188732349592055,0.7170640486208508,0.04156251921446358,0.3294677871148459,0.030578691526803006,0.5623484848484848,0.07920725362383128,0.7486646686646686,0.05764156697756547,0.2592201106414821,0.0315890506400666,0.17933613838242168,0.03444261624991549,3,1.5811388300841898
NOTCH4,0.3326816328497001,0.1174758733674368,0.625824755413363,0.0788452901153425,0.28196645072721593,0.09599199354868554,0.6887798036465638,0.07126037640674256,0.25178579534916296,0.10171420514212916,0.5136263736263735,0.1699243671302624,0.7204292437520285,0.08602271315166343,0.18377923947310335,0.1469584601987428,0.15116877045348293,0.010401925712646302,3,1.5811388300841898
NPAP1,0.3668868279822992,0.06681494326174499,0.6273787963792067,0.07672392204215224,0.3646868577806726,0.09954782363722622,0.6653108929406264,0.0492081926311528,0.3329332029977191,0.0897636689392072,0.41796066252587993,0.039706911830249825,0.7392779049071956,0.06411398869974921,0.14884603291111442,0.0857888966744026,0.23101916783543713,0.034078789141236875,3,1.5811388300841898
NRAS,0.52200562089689,0.025729833820000644,0.7521466755546735,0.030109399141780208,0.5243459848112869,0.0702400286937946,0.6997896213183731,0.020514435326495814,0.4690387693643343,0.0645998957144524,0.6074359248946954,0.09293347110011141,0.7400693470469065,0.05251503705357035,0.3227418566722432,0.036182694673376,0.27435717625058437,0.04270809422009279,3,1.5811388300841898
NRK,0.2911127281127281,0.06809160924475721,0.6673935217406953,0.06655739029204197,0.25336304186048875,0.0839106577038622,0.6869798971482001,0.07283589545197146,0.21581374722838137,0.06804065281104829,0.5210644257703081,0.18914537566208636,0.7193429312707518,0.09878546234607713,0.16978891319410833,0.10439675488837095,0.1294997662459093,0.03612351647458494,3,1.5811388300841898
NRXN1,0.31804893756001223,0.04164598001360302,0.6616733755787132,0.05530225020754841,0.3016830640965601,0.08435363422915118,0.6696119682094437,0.04562019657247826,0.23915463443594115,0.02784279092145714,0.4905149752208575,0.12799958753593957,0.7043018939754448,0.06694946547388561,0.15170764233301812,0.06740854620718364,0.15984104721832632,0.016095246508098505,3,1.5811388300841898
NWD1,0.2640823873409013,0.06628999819276656,0.5968217679387257,0.12733639109108438,0.21660506172100175,0.0315404880116593,0.6781907433380084,0.040616883717252,0.2031504485852312,0.04964818014108174,0.46833333333333327,0.26979930812859154,0.7246484945530605,0.0887558403208204,0.1298228519232676,0.10507036578010188,0.14464703132304818,0.05291901703365168,3,1.5811388300841898
OBSCN,0.4363866675196725,0.07914441397102628,0.6717944841564382,0.07565728593685402,0.43948292150546847,0.13479870478473463,0.6761570827489483,0.07672826254584487,0.40665980265980267,0.10176042448199941,0.49291137923861034,0.10468527528622372,0.7425661686531252,0.0941867275897697,0.22436348947579304,0.12884629438957562,0.2548153342683497,0.043080124249606895,3,1.5811388300841898
OSMR,0.2822276276732939,0.10633514242922167,0.6420704270599656,0.14747135087465593,0.2600734739438424,0.1662678509988035,0.6973585787751285,0.062277678900980064,0.19782180782180783,0.07694485689514331,0.5074009324009324,0.20160828919411125,0.7222744743787306,0.06442596170073243,0.1610887723690575,0.14730409435249786,0.11881720430107527,0.020316377444741598,3,1.5811388300841898
OTOGL,0.2636936010849054,0.12930241636714376,0.5696039802153603,0.12059488601627065,0.2567337915301186,0.0899411136161525,0.6543945769050958,0.07952656337845883,0.18998193942078195,0.09387454376368248,0.43166666666666664,0.2076990343956584,0.6874610189085033,0.07436001556534355,0.09038291330313168,0.17270635140078838,0.1446937821411875,0.03374327540901354,3,1.5811388300841898
PAPPA,0.4210578836562401,0.1374303272498056,0.7265446662982606,0.09628021029195541,0.41720303787157526,0.15107938254881015,0.7257129499766245,0.08171262010109037,0.3497076023391813,0.16109227132181442,0.5824313328570294,0.12707461628486175,0.7567522401895148,0.10257941208858257,0.2897652090347739,0.15998671897641964,0.1663160355306218,0.03127394747673408,3,1.5811388300841898
PAPPA2,0.45052613142777087,0.08211460206471484,0.6791505015984073,0.07170024191410632,0.42424081713985534,0.11582276272437841,0.6846891070593736,0.06042613325114037,0.3949568188878534,0.09020947888687535,0.5527199488491049,0.14549496241097012,0.7307935485888688,0.07207478129617487,0.25327359228566815,0.1116223632014722,0.24396914446002804,0.06974199317258542,3,1.5811388300841898
PCDH15,0.41390620479234075,0.10261577925395801,0.6418325322741287,0.05534211780591665,0.4084313543489674,0.0779351340981046,0.6502337540906966,0.0833008538724477,0.3914734088927637,0.14612348582320075,0.45787290969899663,0.0635663650558376,0.7211981302279808,0.10677258442657274,0.17836450113321653,0.15577930431761863,0.2634174848059841,0.03211720810623493,3,1.5811388300841898
PCDH18,0.3797188371101414,0.10482893431183335,0.6828686983226167,0.06888085124629459,0.38843507961772183,0.1397081540405259,0.6977325853202432,0.07156142021207204,0.32476827845475753,0.13790152019800486,0.5101190476190476,0.13844245143118725,0.7447407886651289,0.10024890688678295,0.2221464707744325,0.134281291609928,0.18134642356241235,0.04423712020335781,3,1.5811388300841898
PCDHB1,0.23378088578088577,0.08659748389466321,0.6451840739406435,0.12044832083674825,0.22615546569673856,0.09653124539758541,0.7020804114071997,0.0691242505428695,0.17097835497835498,0.06612688090692516,0.4346320346320346,0.22708918583399137,0.742284045906563,0.08402582516734058,0.11528986230402608,0.1353225136165426,0.1144927536231884,0.031075296423173866,3,1.5811388300841898
PCDHB4,0.2849217449217449,0.14344191867834694,0.6104981159541694,0.09917404524631342,0.23650224762551467,0.1410089120000187,0.701846657316503,0.09656187396966777,0.2123399791075291,0.1251439880480053,0.46974358974358976,0.14847626250000287,0.7341501037083673,0.10208492423772111,0.15771232380159636,0.17596266064881716,0.11881720430107527,0.02175068939205678,3,1.5811388300841898
PCDHB7,0.34743991640543365,0.10913059839146375,0.7269047433597351,0.07636689977843601,0.2620416251291359,0.11568448756211748,0.7385928003740065,0.0307001538155965,0.24539503932244405,0.0850118841675702,0.6228571428571428,0.1821202911636008,0.7530702135738732,0.043151988655105354,0.26213775489767155,0.11621219015608034,0.11664329125759701,0.03178711858870421,3,1.5811388300841898
PCDHB8,0.3495117163538216,0.09691266372463793,0.6826117409610953,0.09058011997235137,0.2744816736682901,0.07995274817566786,0.7214118747078073,0.05691381697156391,0.2701656314699793,0.08878827131760007,0.5267235705471001,0.15723237996456704,0.75832868757259,0.055731047505738714,0.21969302951854858,0.13496884663740832,0.14471715755025713,0.03306343988421659,3,1.5811388300841898
PCLO,0.5340490603331349,0.06548462373820212,0.6511989171556962,0.04509990037557588,0.6352424340910348,0.07620254796883824,0.6218326320710613,0.06615125127636623,0.6237557763873552,0.10040408094269335,0.47271143490655687,0.07110695591772183,0.7479072398190045,0.10131178395441894,0.23425176419452107,0.13400194581323174,0.4579710144927536,0.01903510527609936,3,1.5811388300841898
PCSK5,0.4045361572551115,0.09923500420905006,0.7125743113707498,0.019691065014322554,0.38494721141691296,0.14698362787276684,0.7300140252454418,0.05555822606901981,0.33846390168970814,0.1407516077189591,0.5620518207282913,0.0498771308267336,0.767898296091871,0.08159066466408896,0.2760507736280827,0.0942405604591015,0.16430575035063114,0.0474143826656249,3,1.5811388300841898
PDE1A,0.22458793438251745,0.1101802375373111,0.6005684052157866,0.10338733152608945,0.22469198782705252,0.09236328556097943,0.6694249649368864,0.08110898961383281,0.1603896103896104,0.08503904522134931,0.3952380952380952,0.17169673808602262,0.7012910200658358,0.09867754476075448,0.07821022423398077,0.11608535786182239,0.11661991584852734,0.030739151762067412,3,1.5811388300841898
PDE1C,0.28969497778321307,0.05307705063009271,0.6558988130466388,0.07918312840825628,0.2564447878745422,0.05237601667446706,0.7127395979429639,0.047317192216875345,0.21855411255411256,0.05528529717977731,0.4512265512265513,0.05845180107274439,0.7524464590735231,0.06180305262713839,0.15609287226870494,0.0519704702594417,0.1295698924731183,0.022836470673169653,3,1.5811388300841898
PDE4DIP,0.30487377279102384,0.1379826583206221,0.6679510168876845,0.1198215752236762,0.2904373765512247,0.19585132734065855,0.6953482935951378,0.07018977952431153,0.22799999999999998,0.1302073370332254,0.5185167464114832,0.2333643080233189,0.7229528912159434,0.08462456219496735,0.1803524795104175,0.16958472996616922,0.13172043010752688,0.04249682156027424,3,1.5811388300841898
PDZD2,0.26708059320398436,0.10175799175435582,0.5974068454155663,0.08141365873803456,0.2475429814962752,0.11544798365473977,0.6673445535296867,0.10205971026836702,0.1941922896672576,0.08098325602079583,0.46465201465201467,0.1706439850722775,0.6981499701848539,0.11434662572028051,0.11825855673527244,0.14654611734340667,0.13179055633473585,0.033712656473150554,3,1.5811388300841898
PEG3,0.3305183834905089,0.0454662635608271,0.6461261555215586,0.05873153790648253,0.297583249711355,0.0472883308536481,0.6738896680691913,0.052135704556071326,0.2721287088689466,0.04979917764443592,0.46847691781902306,0.1658221394587124,0.7274514264387681,0.08130877654449827,0.15806011598565822,0.09330286909058032,0.18146330060776067,0.04032661185478262,3,1.5811388300841898
PIK3C2G,0.3215969446907182,0.0911848736890478,0.6258367147256036,0.05590788440804396,0.3394334646683233,0.09767335949734653,0.7061477325853203,0.055910514096948416,0.25141733644455966,0.0635996531036042,0.4610714285714286,0.17083416293145173,0.7513511180177848,0.0731717386845738,0.1693457223841714,0.11596537759939936,0.15551659654043948,0.016398978207525925,3,1.5811388300841898
PKD1L1,0.2967802194799161,0.06349962190525958,0.6942385878700241,0.10784731098288672,0.3205604783978007,0.08897286905026676,0.6694015895278167,0.07841751236425362,0.21504368469305354,0.05083062014921801,0.5103030303030304,0.17649206507889434,0.6966413592429852,0.09662331548960772,0.15131851188263515,0.11578164266453676,0.13831229546517063,0.01855615885998248,3,1.5811388300841898
PKHD1,0.36852480936428755,0.09916246894883407,0.6964042632952792,0.030510272094186667,0.3211380669246843,0.14182909496341917,0.7298737727910238,0.08434775949253792,0.27991298440835866,0.083164188246419,0.562903762903763,0.14822828228757617,0.753826832112311,0.10432711869091442,0.24941561633784198,0.11409694965807825,0.13819541841982236,0.01896770774692958,3,1.5811388300841898
PKHD1L1,0.5458955914381562,0.09660850559192391,0.6975948900490593,0.10795186873959123,0.550147061899881,0.12445855805489205,0.6976858345021039,0.08140440481180136,0.5613713606654783,0.12601613907866394,0.5372036621751992,0.08302655685545456,0.7751768067689155,0.10092059229501732,0.3207557176408864,0.15734295133846385,0.3348293595137915,0.030213044019045326,3,1.5811388300841898
PLCB1,0.33441596268663937,0.1007085157987848,0.6895834904590812,0.1123135288826693,0.37585850846510394,0.1309959314610469,0.6954417952314166,0.06400917336418845,0.23941678691678692,0.08801830133854457,0.619278760455231,0.24212623912448336,0.709079294333096,0.09064234511875427,0.23329945485189554,0.12218596236241083,0.12739597942964,0.035908748466997896,3,1.5811388300841898
PLCB4,0.41639188775979186,0.09571679477314288,0.6890357667642212,0.0757300259350458,0.3939659988784952,0.12006479893445608,0.6869331463300608,0.05282555420882712,0.33622266443234183,0.091759762954677,0.5542171071327082,0.09798757880879098,0.7190213233973617,0.05249366942656952,0.23465135734235884,0.11738711069814198,0.20095839177185598,0.03367251814489451,3,1.5811388300841898
PLCE1,0.3500414078674948,0.05827052177244533,0.6755215617858409,0.10581562039823146,0.31072899066123255,0.10131142797671054,0.6998363721365124,0.06683989664480325,0.26689650219061983,0.06733306517379498,0.5563614163614163,0.13791330674590227,0.7275102912421529,0.09046446538367628,0.21886484045697013,0.07364076247121079,0.1467741935483871,0.030539862363104655,3,1.5811388300841898
PLCH1,0.3307822812703914,0.10951534596209583,0.6929575971666752,0.07779450723079182,0.35449245413339586,0.12838207553005557,0.7084385226741468,0.08130231402849947,0.27070639164756816,0.12817507925779878,0.46126050420168074,0.10878330769477979,0.7543240470265786,0.09477283603464974,0.1822519932038798,0.14413836871957636,0.15121552127162224,0.023198312309521636,3,1.5811388300841898
PLG,0.31416062838120107,0.14016821037604785,0.6564826638768532,0.12981404692103074,0.26899059281236026,0.13006741241926156,0.7040906965871903,0.08745201030764503,0.22685599926389402,0.11497604877950932,0.5572727272727273,0.1627453646621257,0.7253258601752145,0.09043941037100217,0.20628800555686588,0.1667511493459313,0.11659654043945769,0.03164343207612164,3,1.5811388300841898
PLXNA4,0.2728751620240982,0.11484322090747671,0.6073419545602469,0.07906513119581267,0.24683133732078405,0.09180217773998421,0.6737260402057036,0.0689652118047188,0.21027926516041967,0.1101671176744554,0.4355555555555556,0.10808097007222181,0.7144687402288188,0.08333918756582968,0.12134808233523972,0.12216257992036743,0.13814866760168304,0.048126882052952145,3,1.5811388300841898
POM121L12,0.278607012283332,0.0686599733048807,0.6897893851616514,0.07051203907229733,0.25490573985002185,0.062180605238553954,0.7213884992987378,0.05649167082056265,0.20179223644580752,0.06054330434789645,0.5058885558885559,0.21825483480111196,0.7521406433291382,0.07385711482308206,0.17502990274197394,0.11058979153965114,0.11241234221598877,0.026543237606470517,3,1.5811388300841898
POTEG,0.2270790020790021,0.16771927281803053,0.6041804720185397,0.11824407314431087,0.1816483338842237,0.10686171743796928,0.7167601683029453,0.10310773439713032,0.19182957393483707,0.1654581089784426,0.34494949494949495,0.19901168931608101,0.7623776975611689,0.12904336655436954,0.10529333311582485,0.15913486468237112,0.11208508648901357,0.05588385206303632,3,1.5811388300841898
PPFIA2,0.3144049312470365,0.044331479744054776,0.6806491993615488,0.07082155160088237,0.309686026755917,0.09257356887387021,0.7061243571762505,0.041287103704754496,0.23535834535834535,0.04312225111083279,0.4966666666666667,0.12041594578792296,0.7421540006178561,0.051785658383624214,0.17904092348311648,0.0744703947564268,0.13819541841982236,0.023063842243125028,3,1.5811388300841898
PPP1R3A,0.3813729636586583,0.08402937349180445,0.6929839419839421,0.07289315287519062,0.34630125705487175,0.08440251710777497,0.691023842917251,0.08345334504728408,0.28942491895078104,0.059660622715098414,0.564949494949495,0.15376179473938706,0.713278252611586,0.09069486641074985,0.22137216137346546,0.12837969795808235,0.17061711079943898,0.03706056661816812,3,1.5811388300841898
PRB2,0.3182049486461251,0.10423464044513332,0.6733527371544099,0.09838568581735872,0.3147931560454781,0.10688802957569701,0.725619448340346,0.07118808037784886,0.2349787512258908,0.09280851527821916,0.5962388591800357,0.18472014790048066,0.7489935238205132,0.08946801970800158,0.23121972983316694,0.1002996394423473,0.11664329125759702,0.05013466710969429,3,1.5811388300841898
PRDM9,0.39930491113221606,0.11271452555723226,0.6661150543213237,0.1001874272052216,0.32959208644113774,0.1448902232489746,0.7255259467040672,0.10727837693635282,0.3289111498257839,0.13209088213893175,0.5597716009480715,0.095020621169973,0.7566970310391363,0.13048384099090027,0.27008567169484743,0.14079474975799525,0.15329593267882188,0.02025206374483599,3,1.5811388300841898
PREX2,0.41818206735875557,0.09605623696557923,0.6849782507422002,0.033437049998949746,0.3829315905594363,0.06284043156613207,0.6953716690042075,0.026035211196477503,0.3437518420277041,0.08179231262859474,0.54,0.1313010629652421,0.7327495384792648,0.04286108125471876,0.2373735540342638,0.09882625481977177,0.20724637681159425,0.03192416852424107,3,1.5811388300841898
PRUNE2,0.35039110333227985,0.07298722885977957,0.6381768050741939,0.04309214153854609,0.3029409964072274,0.09557242055312463,0.6888733052828424,0.0432121955783893,0.2860922286955663,0.07214917310967346,0.49214285714285716,0.1630465690331121,0.7353305246095779,0.0808995799068291,0.1870960705836053,0.07670301633734038,0.17931276297335202,0.04180559741260899,3,1.5811388300841898
PTPRB,0.4076982469468321,0.12891652533827058,0.6632502225514273,0.07099019645701116,0.35598467637032993,0.14361983937632633,0.6954417952314166,0.04673404327377851,0.3399184149184149,0.11974272417944401,0.5365079365079365,0.12878191666912145,0.7314444193962266,0.07194333332284077,0.23315457381545493,0.10858702502672336,0.20320243104254324,0.06701620117967595,3,1.5811388300841898
PTPRD,0.3193837535014005,0.11661047940663535,0.6330296575233224,0.0628902001455102,0.35128610422439943,0.13454441859235874,0.6824216923796167,0.05117015331075592,0.26467153165707114,0.12799573526944744,0.44336134453781517,0.15081449937463942,0.7309341577922821,0.08374926171705745,0.14835893290849808,0.10049090356546667,0.17482468443197757,0.05932925649275551,3,1.5811388300841898
PTPRK,0.3198594642072903,0.1319407867164028,0.682268543158934,0.07150045047505192,0.3130036644817219,0.17349218760173551,0.7042309490416082,0.07976965802679602,0.2355764699104082,0.13557134079576458,0.5615007215007214,0.1277145707404204,0.7248732264894474,0.09346650082261324,0.21229211065954123,0.14771346533256663,0.11881720430107527,0.0205021127630055,3,1.5811388300841898
PTPRN2,0.27449056199056204,0.1402703504527984,0.6662477824160831,0.1378517222748627,0.28464946261473556,0.143126810382232,0.7167835437120149,0.0809293324497689,0.2096408863879256,0.12791200675621117,0.4496969696969696,0.19850407609853216,0.7542131724484665,0.08254652288420827,0.15450477581360794,0.18346473366489272,0.11657316503038803,0.031521242929951905,3,1.5811388300841898
PTPRT,0.45684743163812935,0.0802435714173075,0.6657080782514807,0.06951370991603771,0.4745924994692915,0.08173978161874149,0.6825151940158952,0.0544017512862507,0.41902613515516746,0.12154677432447694,0.5338901121089169,0.10158497804495382,0.7377384942374251,0.09215196109106541,0.2538577556529148,0.08905890928051398,0.25684899485741003,0.06627220142112081,3,1.5811388300841898
PXDNL,0.32253623188405794,0.08256991207559947,0.6180629754208248,0.04290214231113414,0.3247634352515018,0.08432621056029721,0.6736792893875643,0.05554992725003865,0.24776045590650053,0.07148852042645303,0.46996859349800524,0.10537572461742985,0.7146355946150555,0.04848682283729705,0.1470232050824946,0.11281919951261736,0.16631603553062177,0.031071273957272414,3,1.5811388300841898
RBP3,0.27531279178338003,0.10084649392660906,0.6824223384863414,0.10956686339303194,0.2833804693597488,0.04878771700058037,0.6952781673679289,0.07648294001071616,0.20044138123085492,0.09525330266160993,0.508931068931069,0.16450579510945565,0.719815591907758,0.0951099381738785,0.1628095635456735,0.11580563283473906,0.11453950444132772,0.038014427442249255,3,1.5811388300841898
RELN,0.3705856936835198,0.10367418122787803,0.6301372910187115,0.04932708642668892,0.3553519295572537,0.0758171936111026,0.6825385694249649,0.08366136954322387,0.3147264445072845,0.12497456523639544,0.49223057644110274,0.08926933411721559,0.7266945207552709,0.11644239888396352,0.19455683219282194,0.11573681678913444,0.18800841514726507,0.046601678899869915,3,1.5811388300841898
RFX6,0.26378352645652703,0.062161040364973726,0.6531075702026171,0.06781360825146032,0.2738253859950054,0.062318322348794634,0.6847358578775129,0.04631057323875918,0.1904529162593679,0.06168759457834588,0.47304473304473305,0.14005060893973117,0.716273559847857,0.06622435179752591,0.1351234600329929,0.08560995800021882,0.12101449275362319,0.02125324792471904,3,1.5811388300841898
RGPD3,0.3594570968484012,0.11479934032513854,0.7337065576699724,0.09859167630172141,0.3355879357281598,0.10058553641834193,0.6867695184665731,0.09463028487387692,0.2620190363029629,0.09784380442294996,0.6132600732600733,0.17190699028909523,0.702191994996873,0.10312646081058131,0.23571434306792774,0.15881655811374015,0.14034595605423095,0.019880507133117734,3,1.5811388300841898
RGPD4,0.42409777214655264,0.08513417254251575,0.6991987360827133,0.0814263933537491,0.39657973021952275,0.07499441626544516,0.6912108461898083,0.060109070162521885,0.35253302253302254,0.07445539958451308,0.5387242562929062,0.11338319613635443,0.7324304149135568,0.05427816240245537,0.23551119772869672,0.11896409368570067,0.21372136512388967,0.04340936822207581,3,1.5811388300841898
RGS7,0.24156873315363883,0.085135812748162,0.6187603853145344,0.09567876060929216,0.22734508856646304,0.08618876734003879,0.6845722300140252,0.08895108731816054,0.16938578329882675,0.06883367978275606,0.43607503607503606,0.12601459869055762,0.7133955147928838,0.1006730277835758,0.1074917657918659,0.09327589894181672,0.11439925198690977,0.028832574539290733,3,1.5811388300841898
RIMS1,0.2688797313797314,0.11580965569419992,0.6794420541066882,0.12416262977375157,0.2832617921837989,0.14440631907009874,0.7105890603085554,0.06236671284667245,0.19542715349166961,0.09615277434584933,0.47727272727272724,0.20115027344472353,0.7433428360257628,0.06637447241155438,0.1558049923448671,0.15365399653134032,0.11236559139784945,0.03055743589234056,3,1.5811388300841898
RIMS2,0.3252132153815375,0.0722844746322291,0.6685702356688838,0.07958612301170483,0.25952596742427153,0.09690692856077962,0.7172043010752688,0.07805293759740313,0.24059829059829058,0.07496316089433772,0.5662357250592545,0.12351623964376797,0.7425968992248062,0.09476510356811514,0.22146102506315465,0.0659614495675702,0.12304815334268349,0.04327216936148449,3,1.5811388300841898
RNF17,0.3464455324357405,0.16482189895044125,0.6855222119005222,0.10580672011082416,0.2754278673115031,0.13961448920063513,0.7259934548854605,0.09335431357799567,0.26157710105985965,0.15315415926931542,0.5638095238095238,0.165526713767058,0.7469625438649203,0.09919940390970498,0.2397020716554578,0.19053025596711562,0.12101449275362319,0.03558225622421642,3,1.5811388300841898
ROBO2,0.3042469810890863,0.09165383137319093,0.6653682800796107,0.07432395137975273,0.2929832115822112,0.09844608023122169,0.6932912575970079,0.08283484447090139,0.23037882788454872,0.09451540169751722,0.48324786324786323,0.03669046704297177,0.726527542643628,0.09602477987364642,0.16462785115061868,0.10328849587611304,0.13387096774193546,0.029869986393260346,3,1.5811388300841898
ROS1,0.3807447432049765,0.06046681140397148,0.6320799906686714,0.06280622494539434,0.30984187470719354,0.031011095518894756,0.7105890603085554,0.025588386711237022,0.3117960557960558,0.035646746976513155,0.49302631578947376,0.11492801552912417,0.758733624955687,0.03349192170442462,0.2138481513252549,0.07453476225584714,0.18361383824216926,0.02048818268073345,3,1.5811388300841898
RP1,0.4952181736392263,0.08696648544725719,0.6800016090933324,0.08929555164200728,0.5540434272596236,0.10659901853715123,0.6587424029920523,0.05872338239420741,0.49789333813341735,0.07625751219114751,0.5016800467085097,0.11798060278726537,0.741872902819975,0.057541290844796505,0.24172521934467156,0.1243548004683883,0.33927068723702664,0.04331066543842243,3,1.5811388300841898
RP1L1,0.3426393888524825,0.03219649247931967,0.6324052760397028,0.04776501712250439,0.31784206895449485,0.05041152741292218,0.6500701262272089,0.05581799781571424,0.2640549646431999,0.03517059423703546,0.5156332556332556,0.12098845740270849,0.6841218727786743,0.07770545980546516,0.15880902061430796,0.062191018755079513,0.181299672744273,0.036132534316257126,3,1.5811388300841898
RPTN,0.29911680911680916,0.10135207007468786,0.6638471903736132,0.12789695624657332,0.28412852575555964,0.06662631024090634,0.6868863955119214,0.055051569769050825,0.2178917378917379,0.07225225132497548,0.4972649572649573,0.2068150019434163,0.7179604034929239,0.06465624798039057,0.15669049651013572,0.13638098958259334,0.14029920523609163,0.03185425925070122,3,1.5811388300841898
RUNX1T1,0.2780684169911256,0.1478808713457502,0.6761168810863933,0.13852805037931507,0.28401048136621365,0.1780785689971664,0.6995091164095372,0.07912247947938818,0.19969447708578145,0.10944852927829794,0.482008547008547,0.22621517457624635,0.7287530152774055,0.0761644720452066,0.1549607597633969,0.19067361491548374,0.11870032725572699,0.031012041656684506,3,1.5811388300841898
RYR1,0.45744062753502107,0.06959963567259661,0.6869348672892481,0.08067668369022957,0.435048575936502,0.08422602718914311,0.6976157082748948,0.07166585539608378,0.3936868607395751,0.057793707491323315,0.5609778068359305,0.1403995001533673,0.737572674976767,0.09006741456756888,0.26856172457761995,0.11835712445023723,0.22891538101916784,0.030654066187853605,3,1.5811388300841898
RYR2,0.40656027911416076,0.04381071499272179,0.6304690491669408,0.07167516910130825,0.34421297986129684,0.027363129879663408,0.6566152407667134,0.07360521580974791,0.3445238095238095,0.03349873927299083,0.5104812834224599,0.11573428431597849,0.698641697236953,0.0983322176701293,0.1868344377586178,0.087220096641146,0.23321645628798504,0.04310811413648447,3,1.5811388300841898
RYR3,0.4031576205361372,0.04370166078606465,0.6781112585988747,0.045330055429331856,0.36958558443583256,0.02106528438017918,0.7127863487611033,0.0616277709519749,0.3333964981023805,0.05188120946433448,0.5245476436188511,0.07760740915906958,0.753412092885777,0.0853265914569939,0.24107619205469838,0.053547077535548646,0.1835670874240299,0.016811941320239453,3,1.5811388300841898
SACS,0.36133333333333334,0.09708847943760462,0.6796903593500578,0.05178754728204704,0.3034496831518373,0.11280122475626095,0.7365591397849462,0.05348526526834233,0.2732166308636897,0.0849534578497457,0.5463888888888888,0.1091868883199937,0.7644894886181183,0.058903215861383904,0.2417556756710088,0.10719658978403256,0.13609163160355306,0.0321878618986037,3,1.5811388300841898
SALL1,0.3114928688882177,0.053916747234014364,0.6194934635219445,0.08426614169303316,0.267155608979252,0.0806194302987834,0.6781206171107994,0.04057165721764793,0.24795704795704795,0.06646284798058917,0.4458119658119658,0.09791007725157237,0.7264711673699015,0.06526279233458343,0.14073204230648428,0.05056502668493931,0.1663627863487611,0.03668669734544611,3,1.5811388300841898
SAMD9,0.27418574517443817,0.037684440911548545,0.6774935011164687,0.048119289488497925,0.282053326948808,0.06484248340961908,0.6825619448340345,0.042437796046415,0.1975958927571831,0.03224719474309838,0.4569696969696969,0.08124518775040596,0.716240326220001,0.05511156949639586,0.12786844435821348,0.04135352145355031,0.13181393174380554,0.018379895524063765,3,1.5811388300841898
SAMD9L,0.42581472620946303,0.10157009123812069,0.713456098265637,0.058839751268526114,0.3793537946679331,0.06644211674489486,0.7408602150537634,0.07157144115050593,0.3212971185123819,0.10076889700905486,0.6479474911053857,0.07481559743174794,0.756014355302413,0.07168038337418928,0.3134202573482347,0.12358446155667831,0.14703132304815333,0.0394818720783203,3,1.5811388300841898
SCN10A,0.4081513196595883,0.10034175235271404,0.6321550313277501,0.09354107958327482,0.40171400427066095,0.11920688745429756,0.6674848059841048,0.05988679896205361,0.3717855355355355,0.11470718693173217,0.4725714285714286,0.10737210901421089,0.7326838995953103,0.08044007720340907,0.19246154756336387,0.12048058139878687,0.2464469378214119,0.05234693094467994,3,1.5811388300841898
SCN11A,0.41905987737530986,0.0635599112315129,0.6782002331764554,0.07079891330786897,0.41872729053330104,0.06480819898583214,0.6631369798971483,0.03753977165486465,0.3710833333333333,0.06646640246099167,0.49235284240377625,0.09242086433303168,0.7226499012524021,0.03116836641658222,0.19553693535352853,0.08035061023826437,0.25257129499766245,0.0534089733595257,3,1.5811388300841898
SCN1A,0.39724477007615927,0.09381349059004881,0.7173275059741873,0.07460550395797277,0.3754916026576075,0.11676378930549461,0.7105189340813464,0.06327526134298925,0.32123136996095253,0.1035654088015226,0.5438502673796792,0.06286550592378866,0.7447967479674797,0.08183285263899674,0.24461397185217698,0.10012096737155081,0.17283777466105654,0.03078167291954065,3,1.5811388300841898
SCN2A,0.3815651618707646,0.109674764051256,0.6737595369421091,0.08261875122681876,0.3510799712671804,0.1059915304831253,0.721435250116877,0.03803010955860637,0.29655494505494506,0.10671359494610595,0.5562857142857143,0.12782960597320678,0.7488265156723518,0.04740197386345064,0.24387616268441117,0.09306502752640657,0.1618980832164563,0.06612836710080265,3,1.5811388300841898
SCN3A,0.2588048910688146,0.03780673898886521,0.637321003632147,0.040836125647132564,0.24362748442635018,0.08955221902217832,0.6718092566619915,0.06142491993598726,0.196718509984639,0.07656893001832804,0.4505341880341881,0.09914881044843238,0.7091694775605635,0.09127345881128453,0.1184473833589832,0.058769362895032075,0.12971014492753624,0.030272328005551928,3,1.5811388300841898
SCN5A,0.45600392364222025,0.0572519330193736,0.698265357020001,0.05041166550055516,0.4445727109230262,0.04825257733884019,0.7082515194015895,0.058811014815153766,0.3738888888888889,0.06662614509242257,0.6088608776844071,0.11444405631975693,0.7358070175438596,0.08374745669893237,0.29605779816080935,0.08391398425593748,0.20086489013557735,0.019582329532552685,3,1.5811388300841898
SCN7A,0.30506738544474393,0.06743302835620199,0.7170881744907259,0.07948705718882652,0.32549952429052975,0.05596867152765949,0.6890836839644694,0.07667804050600638,0.2154890494209379,0.06984155846831722,0.5702020202020203,0.1036953678489805,0.707078502348996,0.08357674751662297,0.19094874855967867,0.0895006431592654,0.12110799438990183,0.04349384168385126,3,1.5811388300841898
SCN9A,0.331873264255205,0.10656007847977823,0.6682660737660738,0.09220055807263842,0.3208940949487511,0.11844340931182722,0.6761103319308088,0.07128845416365355,0.2644542390458906,0.1080614763149015,0.4675213675213675,0.12911359043269538,0.7190103436770102,0.07946955211214536,0.15581456910858485,0.1405334520201827,0.17073398784478727,0.03338864421561666,3,1.5811388300841898
SDK1,0.2954653643167877,0.07582225005260532,0.6473067070617187,0.060829098260554805,0.31445426880984373,0.11596458414290586,0.6933380084151473,0.07816795860316227,0.2123076923076923,0.06066148622136734,0.497039627039627,0.13158894244461322,0.7219064631710151,0.08378409095954216,0.16056923781612434,0.11948754833665567,0.12744273024777933,0.014192406133645603,3,1.5811388300841898
SEZ6L,0.2924979618485688,0.09167355601201761,0.6509612457102746,0.05014213846985391,0.2768256427640647,0.0904457155809179,0.6779569892473118,0.10479927417363737,0.2181143043029569,0.09504335877933587,0.509947209653092,0.14592831893066083,0.7057142857142857,0.13207956442186083,0.1623139498130647,0.10209802597570472,0.12945301542777,0.03601800875511606,3,1.5811388300841898
SH3RF2,0.374103614426195,0.11008903828870638,0.736167728845105,0.09393574304509947,0.31015471392066213,0.09729751138649034,0.7084852734922861,0.09117422415292034,0.2650464264417753,0.09665356201570317,0.6862703962703963,0.18158796913240452,0.7125211958946899,0.10930401067696216,0.2869575748758574,0.13842971920361063,0.1230949041608228,0.012052908113334605,3,1.5811388300841898
SI,0.42028564655683304,0.13176090365389753,0.6677133204687195,0.0918166864425537,0.38013582467123935,0.11145631339769928,0.6955119214586254,0.05584365168275726,0.361489099136158,0.11911033912440853,0.509381262012841,0.16149281736270893,0.7476277998548798,0.04312303755605625,0.22992452705871919,0.16381100151379296,0.2223702664796634,0.03629343728611281,3,1.5811388300841898
SLC15A2,0.27729419631858654,0.10494247890617014,0.6746916485808734,0.09111559263030011,0.26867989365250844,0.09510272093268132,0.7040906965871903,0.07435577635830341,0.20978479853479853,0.1043837998796438,0.47301587301587295,0.1276766828710489,0.7403838051920478,0.08685437887468792,0.1559114845163186,0.11183851927244563,0.12295465170640488,0.04810857101076357,3,1.5811388300841898
SLC8A3,0.3383224763924658,0.07128547618679709,0.6671669683383205,0.06277305012996356,0.23892502257858736,0.07381255372221421,0.7215521271622254,0.06860003566292844,0.2516296296296296,0.07051330512941759,0.5491666666666667,0.1498957971392127,0.7487238033422773,0.07812908766514406,0.2214073110168092,0.09659514282854034,0.1317204301075269,0.03606731692407952,3,1.5811388300841898
SLC9A4,0.2981249517098573,0.06223202713480352,0.6863579878859649,0.048606496254213635,0.2655122881090088,0.07860529809563312,0.691023842917251,0.0929567382818285,0.21726581610302542,0.08234592867889819,0.5702020202020203,0.1255098773536783,0.711859794915749,0.12126125923574631,0.19774088155388664,0.06588860518709443,0.1145628798503974,0.029705445565306358,3,1.5811388300841898
SLC9C2,0.25643933294997123,0.07195231254081141,0.6122044749020101,0.08325242219769206,0.29633051022736384,0.10231147089741953,0.6543478260869564,0.07040799711032537,0.19751623376623376,0.07276120695032312,0.39098039215686275,0.1041396158647824,0.7042591791668097,0.07359950778364746,0.07430248024729491,0.1181602270939925,0.15348293595137913,0.03438782082140811,3,1.5811388300841898
SLCO1B3,0.30756455347603134,0.050341228761973285,0.7153527280152994,0.06499593950553946,0.2925477742011075,0.10928454598603463,0.7040673211781205,0.07375270328722164,0.21736164736164737,0.0506723232328617,0.557972582972583,0.0632849090103076,0.7235832870419616,0.08844190804894962,0.19893570409963038,0.04781714620670709,0.11666666666666667,0.025884558456457415,3,1.5811388300841898
SLCO6A1,0.25517494540835506,0.086948085970217,0.6008531936900474,0.09745016767138363,0.17678032739825245,0.04513967312787975,0.6998363721365124,0.08142046237533547,0.1837154801860684,0.07002823010585867,0.44166056166056167,0.14069551558803647,0.7358212960340458,0.08456924870254248,0.12618208564261696,0.12614131741281276,0.11652641421224871,0.027398881257202252,3,1.5811388300841898
SLIT2,0.3760572760572761,0.11366362857958569,0.6809608967373888,0.07511130414617241,0.30178280362640425,0.07659821578413126,0.6804581580177654,0.05922380282388217,0.2806959706959707,0.094197577426194,0.5896654815772463,0.1871649504900211,0.6982509495833946,0.06933249503998559,0.22671416066328698,0.14924344260312036,0.16411874707807386,0.017410443429245494,3,1.5811388300841898
SLIT3,0.36498697351280934,0.052381123380563666,0.6846182716057658,0.053848327081580674,0.35888072470516175,0.1205675332946535,0.7105890603085554,0.06766526867068794,0.28547239845414285,0.07485990522109641,0.561880341880342,0.11037825375184925,0.7400866721860316,0.09776432043209962,0.2378801295615809,0.038782500846167266,0.149041608228144,0.03180380966346823,3,1.5811388300841898
SNAP91,0.22880930930930932,0.06335758294157913,0.6316922181461827,0.02793693831833852,0.2591555156709593,0.026701394057237995,0.7345021037868162,0.0394989601747857,0.18065419978182953,0.07094624326410662,0.37968253968253973,0.13858879143572553,0.7828707905138665,0.0723207611729179,0.11805661965607002,0.04616803081903099,0.1123422159887798,0.04171556077595188,3,1.5811388300841898
SNCAIP,0.3550529556991872,0.07393464689541802,0.6287798222734395,0.09486321393668307,0.2897658781405653,0.0674180374180407,0.6780504908835904,0.07863504635316852,0.28484848484848485,0.06249196458905882,0.47849034350582337,0.10820114025888955,0.7207095187917105,0.09225916591294361,0.169211965079855,0.11253865715022386,0.1835670874240299,0.020082728003441824,3,1.5811388300841898
SORCS3,0.39684542325079836,0.11451782877258093,0.7032842457842458,0.08338078596799739,0.3460010448493698,0.13031045507884303,0.712669471715755,0.07482877008781015,0.30745929887106355,0.09786439531322128,0.5803418803418803,0.16274141695481548,0.7395945945945945,0.07795764580725922,0.25624387636598,0.15573825284255702,0.16213183730715286,0.030599740823687417,3,1.5811388300841898
SORL1,0.38664410916596725,0.02560418000897097,0.6698306133724091,0.053634361656525194,0.377100451105398,0.10369309011181367,0.6955119214586255,0.05866583886123292,0.305006435006435,0.042804292007388056,0.5434803921568628,0.057771328807129624,0.7276313511050353,0.0799560306664468,0.2250441243465668,0.042528919266273515,0.17489481065918655,0.013223283170557959,3,1.5811388300841898
SPAG17,0.27025901942645697,0.07094306488020453,0.6340884039821757,0.07238183473152075,0.2485113751430159,0.056254053344661575,0.6737260402057036,0.06744370634957636,0.19981601731601734,0.054789029180653474,0.4209430438842204,0.11214220985100305,0.71555737012266,0.06268041290121497,0.10223662906816859,0.10481519809322082,0.14471715755025713,0.032871801464592086,3,1.5811388300841898
SPEF2,0.37552935081031247,0.09410644754665014,0.6888436047309113,0.10526976488978644,0.359418676749656,0.12185503046727048,0.6974520804114073,0.09042483252822603,0.2856102720808603,0.08107234498046935,0.5666666666666667,0.14907119849998596,0.7235126983523609,0.08730719192330956,0.22687225647868092,0.15743508368914202,0.15984104721832632,0.03285987269508959,3,1.5811388300841898
SPEG,0.31321548821548817,0.05764487748597421,0.673534043544622,0.07348702595272526,0.3005015921890928,0.11888141944727364,0.6953482935951378,0.0886570594444126,0.22698872785829308,0.0578122938997254,0.5524786324786325,0.14722777333139223,0.719174570969779,0.11015425044201746,0.1965733722235982,0.08127446037088046,0.12517531556802244,0.021743528588357097,3,1.5811388300841898
SPHKAP,0.4299823496200532,0.04239989659415244,0.6657183400930303,0.05580248582467046,0.44266968842418486,0.09273744244614684,0.6761103319308088,0.07289227876046764,0.43122265122265124,0.10164229042943727,0.4548003072196621,0.09710162252708456,0.7603354158914467,0.10576095586958252,0.21608680429945562,0.10051758121867668,0.26986909770920986,0.04678484619494298,3,1.5811388300841898
SPTA1,0.4512708394884565,0.03080603472479462,0.6818461446736915,0.07989846140132069,0.4789111320905918,0.06162478744051941,0.6975455820476858,0.07070097183709766,0.4222296567529833,0.052607415127425304,0.49241293638894834,0.05509745393026093,0.763708639899096,0.08525868478334486,0.24660284302347774,0.07949575565915613,0.25053763440860216,0.044610653055372075,3,1.5811388300841898
ST18,0.3232261640798226,0.09015611451607847,0.6303852067787014,0.07651140243225081,0.2954371494242977,0.08028530418277699,0.6758999532491818,0.047548851504536936,0.2527080370609783,0.07218863258588637,0.4602380952380952,0.1491795399758033,0.7216712684460214,0.045684289355314385,0.1467008799212768,0.12498505417002255,0.17059373539036932,0.026532067542046116,3,1.5811388300841898
ST6GAL2,0.33660757660820034,0.07713526963789867,0.6857802741264025,0.08269916436012534,0.2941903350838346,0.07722500776788613,0.7062178588125292,0.0809461761630134,0.25178782733961,0.08692289114346508,0.5482983682983683,0.06986018263794733,0.7320048391220886,0.09436225101013132,0.21310508198183845,0.10251805629619035,0.1318139317438055,0.021294150896447896,3,1.5811388300841898
STAB1,0.26275576036866355,0.01953842055773193,0.6100727241511137,0.10997883526217421,0.2546180461560278,0.1178610781906232,0.6825619448340345,0.08473577727261565,0.18606480187549795,0.017620980810871774,0.4632478632478632,0.0891105061126726,0.7138108165029013,0.08551069026478747,0.12192508951904842,0.07970649209126261,0.1252454417952314,0.042708973802385294,3,1.5811388300841898
STAB2,0.4082589114378138,0.06796085259855691,0.7039332007721446,0.058291536657309594,0.3728837813847422,0.09035063807779689,0.6995324918186068,0.08350017917999779,0.337720419115768,0.08687935647726967,0.5353267973856208,0.06009922981970767,0.738476806786666,0.10587970053025525,0.23761196543169402,0.1016582005425972,0.1900187003272557,0.02872589554752671,3,1.5811388300841898
STK31,0.3438595738595739,0.07958839621275697,0.6739958402238014,0.04640393337028206,0.2743410820509292,0.09894118530903392,0.691023842917251,0.09188861115097044,0.25653067958065034,0.0931947869998214,0.5770944741532976,0.061809767163692075,0.711748268593797,0.11607263714710747,0.22043772634388054,0.08051823375727085,0.13613838242169238,0.02766252763500555,3,1.5811388300841898
STXBP5L,0.423066641992063,0.08481623802668829,0.6810751278199006,0.061907952951315924,0.3988359584087896,0.08023796772428883,0.6953482935951378,0.07852117928100362,0.35591705069124424,0.10325005681244864,0.5383479532163744,0.05082411570623618,0.7361399306604787,0.08787058494236237,0.24183667581576343,0.11522070667928787,0.2051659654043946,0.050907272634313605,3,1.5811388300841898
SVEP1,0.42388862189114496,0.058012639370651944,0.7168527658988185,0.03938183948445905,0.4360572845192533,0.13584675388286543,0.6824216923796167,0.05550554748443653,0.3468157248157248,0.09813536886412837,0.5813095238095238,0.05159310101711622,0.7118951224214383,0.08449171935768066,0.24996385829929402,0.05397853264190166,0.20313230481533423,0.05099430004709768,3,1.5811388300841898
SYNE1,0.44580881448186516,0.06127286141827298,0.6707195765090501,0.03405467500072104,0.4329166070409306,0.08260280314939931,0.6780271154745208,0.0668568574190191,0.4140543364681296,0.08671871542374357,0.5010710537026327,0.08225128998046918,0.7401846951846951,0.10162083090854257,0.23081326290693469,0.09050782934562311,0.25930341280972413,0.04129330686039813,3,1.5811388300841898
TACC2,0.3962007722007722,0.045265932401598694,0.681308158216053,0.046506831773042386,0.3520115938698407,0.017533917542769215,0.7019869097709209,0.06657870907230339,0.3193328147956097,0.03814968994994354,0.5401007326007325,0.1236220339083643,0.7393184885290148,0.07756532646274669,0.23194811147524824,0.09253436873601996,0.1836372136512389,0.03685969225489922,3,1.5811388300841898
TAF1L,0.38136752136752133,0.08404452169882456,0.7399128244665241,0.14325934659220765,0.3607515477997799,0.08073262845809677,0.7300374006545114,0.07419310282424385,0.2923119488464525,0.09019762834981757,0.5868411000763942,0.1450343887046039,0.7588374031939924,0.07159574930646313,0.26068661708805685,0.1251058367758053,0.14689107059373538,0.048046801461951255,3,1.5811388300841898
TCHHL1,0.3534549303401763,0.07635497396908597,0.7046486202467129,0.059452455540428675,0.26983113688399285,0.05819037813453439,0.6974520804114072,0.04466978901033866,0.24582417480540136,0.04441739264635864,0.6481351981351982,0.23143945079847061,0.7030488464573059,0.07913964036592648,0.25216926811719304,0.12020645825018178,0.1318139317438055,0.014821373467407679,3,1.5811388300841898
TDRD5,0.36550860111405425,0.06876004437861659,0.7214613923338502,0.11811938401840034,0.3518357187455919,0.17697643528357995,0.7364656381486676,0.07401304763731559,0.2661821485350897,0.06061348256487414,0.6127450980392156,0.12473539852940657,0.7543087773637838,0.08632070081280098,0.26629303220535816,0.08756322929268011,0.12522206638616176,0.03756207131909256,3,1.5811388300841898
TENM1,0.32631735869189965,0.07293925070456404,0.6281167650061275,0.035300623127459185,0.2577403667456064,0.08075967973660858,0.6631136044880785,0.04414043861850062,0.25841180792092433,0.07563856143975936,0.46265597147950094,0.08428847232357203,0.7062411113856628,0.051568968799964386,0.13767360198486148,0.0658251635026939,0.18118279569892476,0.055919064760116724,3,1.5811388300841898
TENM2,0.3386183098926727,0.1441250745281731,0.6750851217994613,0.10049471835381721,0.26063885364084904,0.11737686091530283,0.7040673211781205,0.10676294268924437,0.2568412317905219,0.1359254332102541,0.5498168498168498,0.1553130831336609,0.7229517260215916,0.12827412759643683,0.21862797105580262,0.16157768905046835,0.1275128564749883,0.030334490898913692,3,1.5811388300841898
TENM3,0.3963302063789869,0.10584653668896445,0.7130637216371315,0.05516306176625327,0.39234063392767354,0.12821973094573605,0.6781439925198691,0.0771285959439152,0.33891338259441706,0.12612906567265147,0.5334142545907252,0.08043372131466854,0.7238819906380882,0.1014512124987805,0.22378066741771288,0.10384666976519141,0.20063113604488078,0.06601482048529865,3,1.5811388300841898
TENM4,0.28544878667997686,0.0693710893468283,0.615131442598918,0.06590752339675948,0.24446079876139248,0.08588629148257777,0.6738195418419822,0.05879376597390604,0.20559071444669824,0.0591853955498153,0.47984126984126985,0.059607348785418256,0.7031994802353452,0.06514937566675287,0.13694948770991033,0.07963147787607235,0.13396446937821413,0.02520000282814732,3,1.5811388300841898
TEX15,0.3094241557881109,0.00866223359796331,0.6810804522186636,0.04530621258060051,0.33997708095485396,0.07146801688574524,0.7386161757830761,0.06174613310204739,0.23380952380952377,0.026853089866422247,0.4818181818181818,0.09958591954639383,0.7737729599518216,0.08268458919630602,0.1950296807066442,0.017223139865378174,0.1209443665264142,0.004566737796457569,3,1.5811388300841898
TG,0.29670539062019785,0.05648757021190646,0.6105870840838665,0.09002469604081234,0.26853453604410166,0.05699461634382969,0.6953716690042075,0.06592728409113367,0.21763306868570026,0.03251886385765172,0.4860897435897436,0.16812044704319562,0.7292561996086219,0.0800068375908272,0.1583505379149255,0.09841743830618535,0.13606825619448343,0.023544909069119574,3,1.5811388300841898
THEMIS,0.28033660130718957,0.08933133380492966,0.6509943232687693,0.16070009455830822,0.2603998047444791,0.07537926866392075,0.6909770920991117,0.08218060489115815,0.19858367260182141,0.055732580798793625,0.553974358974359,0.2892923931896524,0.7211871085816657,0.07998320270540195,0.16813605925677655,0.17887754348899962,0.12323515661524076,0.05010513617767856,3,1.5811388300841898
THSD7B,0.4560291438979963,0.06514054138079248,0.6770832652625665,0.052389480825067135,0.5374796383500555,0.0657796287768154,0.660892940626461,0.04014327540770186,0.45700033270012985,0.054166462422287204,0.4706992505702184,0.11216545558825217,0.7516145240494774,0.0570864035984661,0.21930024485564328,0.08459967260567845,0.30892940626460963,0.03628419589950829,3,1.5811388300841898
TLL1,0.34075920934411497,0.09150520449333509,0.603507245493161,0.06757644753114259,0.28905926016453415,0.04144520640649276,0.6587424029920523,0.06299783331972367,0.2773853695324283,0.0700784661444648,0.44221521942110176,0.1300654479756426,0.7123050626994288,0.051820763928534665,0.1314253230078664,0.13505529003662572,0.20088826554464703,0.02507733124745997,3,1.5811388300841898
TLR4,0.37137788448712816,0.09053661631537081,0.7440959483232402,0.06599669824591149,0.3477527758453928,0.055407153247352625,0.7408368396446938,0.07293350516846839,0.2628176171654432,0.08315648312682376,0.6611888111888112,0.05487084919362623,0.7503998328297458,0.07859391960547071,0.28952556238616567,0.09844326842025991,0.11451612903225808,0.029289816638879813,3,1.5811388300841898
TMC5,0.41659733372257096,0.06050440653994338,0.7223450672134882,0.0698046510049663,0.3180475533002198,0.06300653751202048,0.7387330528284245,0.05369464264918351,0.3258769841269841,0.06501393524188626,0.6133333333333333,0.12195599160717314,0.7618364092048303,0.07669523512815721,0.29817463617240075,0.06154824241122221,0.15556334735857877,0.0331360337204257,3,1.5811388300841898
TMEM132B,0.3287888642388137,0.07430074554039542,0.6122499390444437,0.07554534389084015,0.2743744483009351,0.057653505582182026,0.6739130434782609,0.03295880871213756,0.2545736171262118,0.04867334970345286,0.475546218487395,0.16558394163231688,0.7152199730094467,0.051916312095546674,0.15347619791402725,0.10243889069262328,0.17274427302477793,0.016504098277796957,3,1.5811388300841898
TMEM132D,0.24767082590612005,0.10028129918126462,0.6315193879918378,0.13654172786700675,0.19397969816251492,0.08200923391036577,0.6933146330060775,0.03293362039178439,0.17473312178575337,0.07285194285859124,0.4550699300699301,0.2061432721619507,0.7221850840664441,0.061320387253306734,0.12583606205334905,0.11135947897816659,0.11453950444132772,0.02741121807236721,3,1.5811388300841898
TNN,0.2704407487401223,0.05177233963237566,0.6629344511343394,0.045292264557206266,0.21673396657337257,0.026982391057904474,0.6803646563814867,0.043563510104624774,0.18898002649328205,0.036002859825510866,0.505974025974026,0.18271254982730484,0.7055503777886981,0.07139779344533477,0.14695533238925568,0.08034392388028362,0.1209443665264142,0.01760414301846524,3,1.5811388300841898
TNR,0.40211640427441064,0.08344832346430828,0.6710045585219734,0.07827959213009426,0.36058454618279284,0.13943561318228276,0.6909303412809724,0.07850956599766457,0.3226246615064561,0.07827075621828149,0.5409759358288769,0.10233758559984814,0.7229665071770335,0.09708741019865236,0.22468186545874658,0.11666587432385651,0.19013557737260403,0.027833232190741852,3,1.5811388300841898
TNXB,0.4164780947266532,0.06361242507404592,0.7060893735842736,0.0802703436780043,0.4071061007161482,0.10360977803389963,0.6933380084151473,0.07451195348850667,0.3346470912599945,0.05824969453726904,0.5668627450980392,0.12289832570922171,0.7231711866600115,0.09028586216895595,0.2451514145438003,0.11128548414126332,0.192262739597943,0.02374733336353022,3,1.5811388300841898
TP53,0.45303384246780476,0.14533537002086722,0.7801712297541747,0.09176058229755898,0.4988274744255703,0.15040126487102404,0.7710378681626928,0.06936699411774533,0.35612180356013373,0.1271930183982221,0.6329460013670539,0.17992136112433876,0.7905754047040114,0.0733271933920404,0.3462188134958938,0.1712728225006131,0.14908835904628331,0.035789633025312455,3,1.5811388300841898
TP63,0.36402396053558844,0.05256082643402743,0.6818175630126094,0.056406401061924356,0.28918138824408735,0.04124886366315953,0.7083917718560074,0.023421530003036106,0.2811211011211011,0.05333057449985428,0.5420814479638009,0.13442608081961177,0.7419369470685261,0.04709808520468514,0.22357257008119244,0.0702043917741651,0.15771388499298739,0.025182270799090644,3,1.5811388300841898
TPO,0.3169930918103676,0.0860157276246007,0.6911573141024279,0.12403290533186019,0.3077047699462849,0.07899010240360198,0.7020102851799906,0.07721839156294001,0.22413978494623654,0.06722457232126831,0.5805050505050505,0.21339313230611898,0.7226127137773724,0.08333538790213992,0.20975349870489776,0.1428005887074869,0.12089761570827488,0.02652241220017226,3,1.5811388300841898
TPTE,0.4489927608401455,0.114979222028012,0.6474190737084548,0.07897222015828609,0.3223676936530426,0.0824614045854645,0.6931977559607294,0.10643232156644636,0.37059083787344654,0.10938210007707184,0.5884928229665072,0.15112561569151117,0.7176346286983797,0.1314926452007384,0.270842099935232,0.16810189223651112,0.20729312762973354,0.02286158028833097,3,1.5811388300841898
TRANK1,0.45466011986189825,0.0997918340555312,0.7254093320698424,0.04240027990285148,0.41749445477891955,0.12472987946654793,0.7192145862552595,0.06513930084762433,0.39333506162066534,0.11473999753572232,0.5652566858516515,0.13963149274733958,0.7563595888617322,0.10091548326606355,0.2906903639918682,0.10738250448461359,0.20949041608228142,0.034684786907652435,3,1.5811388300841898
TRHDE,0.34813289837680084,0.09736645085832239,0.6901129667535202,0.04333430572878398,0.32412047210732176,0.051768721771921086,0.7017297802711546,0.06328570936330408,0.2678021978021978,0.09029505102190201,0.5439819004524887,0.1775516256157887,0.7269612093697214,0.10849807524481357,0.21490683295960186,0.08928312793193162,0.1512388966806919,0.040540248321030294,3,1.5811388300841898
TRIOBP,0.2534266317745667,0.09235074620648859,0.5786389905659992,0.09932175758372729,0.1968620727370437,0.09761747510797372,0.6588592800374007,0.06455710767745855,0.1759381141734083,0.07863226048360489,0.4916666666666667,0.12555432644432807,0.6804556419190566,0.07867822733469289,0.12188579324098285,0.09533761734194807,0.11664329125759702,0.02991321790191003,3,1.5811388300841898
TRPM6,0.3591380883354791,0.05761226447017134,0.7327222601777839,0.06293780707430471,0.3255827003966372,0.12112549776558879,0.7277699859747545,0.06696913954986529,0.26160415101591566,0.06063217250168219,0.6022935234699941,0.10570271039350927,0.7454439381756456,0.08088175185564443,0.2530731848036557,0.054862248183550726,0.1296166432912576,0.04205219199973559,3,1.5811388300841898
TRRAP,0.31377610693400165,0.1412420994268049,0.636183672026233,0.10391597100204412,0.29842839894954903,0.1093236487099287,0.6672978027115475,0.10048114744309083,0.22944300144300142,0.12401812986047488,0.5435160427807487,0.2303718104997882,0.6799902556058889,0.14121486461798632,0.17726415738195106,0.16457042893809273,0.13826554464703134,0.037159916544911374,3,1.5811388300841898
TSHZ2,0.2962432539176725,0.0451230101306282,0.6626546404606399,0.06255238987025223,0.2729708838260249,0.0631230368208177,0.6975923328658251,0.04870181072002329,0.22396435170698195,0.06629156004590783,0.5033333333333333,0.13131281565618622,0.7334607288664855,0.07462554937989205,0.1717921050137475,0.06263841709527736,0.13179055633473585,0.037890665659887295,3,1.5811388300841898
TTN,0.8390769578569641,0.023598550940053562,0.6526452777447592,0.00920615104727126,0.8446523744775524,0.02768976763774287,0.7258298270219729,0.03430260640836557,0.7392729492729493,0.03160010827601206,0.9705544899119068,0.010734983179939712,0.030689655172413795,0.046076759613243194,-0.006756231143741823,0.12196142931348954,0.7387798036465638,0.034189482537235916,3,1.5811388300841898
UNC13C,0.4382114113195675,0.030801634254538735,0.6796382301273607,0.028148738906489147,0.43132341163428567,0.06559773862776683,0.6740065451145394,0.03859760682901997,0.3836168704589757,0.03982140298026299,0.5259815546772069,0.09993760432291321,0.7231090407177364,0.06886516621366828,0.22777983266520688,0.05520063659211325,0.2439925198690977,0.016869532464319856,3,1.5811388300841898
UNC79,0.3831367177221952,0.06929538001760607,0.6855158228710861,0.029613854651000075,0.33791877798440995,0.06843018890878948,0.690953716690042,0.07199476100878596,0.29500000000000004,0.06383572667401853,0.5535256410256411,0.06862642800440888,0.7181738437001595,0.08109609905074748,0.22151491700903575,0.09903156172680301,0.17064048620850863,0.0193663536018775,3,1.5811388300841898
USH2A,0.5253099963022311,0.045476212726067666,0.7167174628391667,0.01610333439314262,0.5213271044633581,0.07729993601974898,0.6888966806919121,0.05035477646506255,0.5072486772486772,0.07354130971803406,0.5625251989389921,0.09574439115273176,0.751446793008659,0.0756070698250751,0.3059118214070882,0.08320055688172406,0.3088125292192613,0.04167632880279833,3,1.5811388300841898
USP29,0.28769136849122506,0.050101188449659786,0.6245759872467018,0.08042983866188934,0.277410178014827,0.094524620930816,0.6888966806919121,0.07016996454358639,0.21546103858087934,0.04710178189936219,0.45717948717948714,0.10751511674518656,0.7267009233712757,0.08785656185368029,0.13989567976857037,0.07045605574993305,0.138218793828892,0.023230558682968427,3,1.5811388300841898
VCAN,0.37437821864724014,0.09374447568260187,0.7247432125758697,0.04182849730001297,0.36173773717018426,0.13166003584036812,0.7061944834034596,0.047436417453818124,0.28321442628688875,0.10834966679993306,0.6614542483660132,0.1829644450020424,0.7197570284122008,0.08491781874493559,0.27285409557016005,0.07902444127957692,0.1471014492753623,0.06390575635057637,3,1.5811388300841898
VPS13B,0.2449906084738597,0.08754720286533318,0.6022089393092103,0.08378343862842058,0.2704698761965054,0.06350093964938215,0.669658719027583,0.05290862608486164,0.17369603013619242,0.05624423457009385,0.42666666666666664,0.1742444005158017,0.7092461588396548,0.05773076847066592,0.09283659998834368,0.1295527126752977,0.1317671809256662,0.019576399203584057,3,1.5811388300841898
VPS13D,0.2454745484400657,0.046633122869882186,0.5810337184862517,0.13782487070265623,0.23416938511983504,0.04102502511553661,0.6867695184665731,0.06338745498578746,0.17884973058146572,0.02280016129089863,0.4802020202020202,0.3142628626194207,0.7273090064706459,0.09289844404326887,0.12843615228413813,0.12819395943611483,0.12517531556802244,0.043218122423872296,3,1.5811388300841898
VWF,0.3347495739183023,0.07532503513232423,0.6664985377134739,0.08604525697798247,0.3441221299128091,0.1466762376362321,0.6996961196820944,0.06959464250471974,0.24871105705888316,0.06959354689696141,0.5405112534524299,0.13522364636975265,0.72895805949611,0.07184600369008219,0.20113975754186533,0.11962161399304223,0.14041608228143992,0.029609087291860587,3,1.5811388300841898
XDH,0.30093788323713727,0.060933634212313945,0.657095652628353,0.11027310265968399,0.311550345459244,0.09444234851604381,0.671575502571295,0.0442640853115237,0.22529740902044731,0.05659635359231661,0.5004761904761905,0.17683601176425953,0.7081549876908526,0.061599957749431396,0.14984163875845732,0.10256932195716084,0.1513557737260402,0.044652691240049905,3,1.5811388300841898
XIRP1,0.35516143527487826,0.07469213950438827,0.7067004192589319,0.06313486777156142,0.3324525862035559,0.08225457954910578,0.734315100514259,0.05569049558480845,0.2717922077922078,0.08535423087007842,0.5558588779641411,0.07770023623460559,0.7653321784632052,0.061646935269248804,0.24162522424217164,0.07267495860257285,0.13604488078541374,0.048411651662012924,3,1.5811388300841898
XIRP2,0.49319284489095805,0.07498114648796178,0.662886084917335,0.10350520192291508,0.5198304193072694,0.11847015099127436,0.6564048620850864,0.08798957000438107,0.49323504193069406,0.11027656848079438,0.5066537966537966,0.07780898880956444,0.730728021978022,0.11671356358741351,0.23998591299732014,0.14762537333773343,0.3260402057035998,0.04102713931686109,3,1.5811388300841898
ZAN,0.32844339519531335,0.05650231480623169,0.656475868468622,0.0809282542336665,0.3247546687842043,0.08529233002612735,0.6824918186068255,0.06468928545351924,0.25619871882240697,0.0687433579729465,0.5038396386222473,0.14071178851978214,0.720740401573735,0.08761580991031882,0.1750080989075808,0.07065661767641716,0.15972417017297802,0.05034007094180699,3,1.5811388300841898
ZDBF2,0.3478646916146916,0.07651746141241901,0.6429363996449463,0.08604174498491589,0.32016317265192373,0.06807940106414508,0.6802477793361383,0.07406678278780499,0.2774872953133823,0.0616064838099162,0.5027790063393778,0.165696287555464,0.7195059020641358,0.11152855968642492,0.18167171788414094,0.09727370022221563,0.17503506311360448,0.03412955817349932,3,1.5811388300841898
ZFHX3,0.24053708439897697,0.050322402592461866,0.6516317694665592,0.0909443726896934,0.22791753703595882,0.08209818437696671,0.6652173913043479,0.051911410394736346,0.16646357272491574,0.05798559107348819,0.5583333333333333,0.1868971791000484,0.6904548962295775,0.04718023611990703,0.13673450799921383,0.08993465678897673,0.11428237494156149,0.07135477150006092,3,1.5811388300841898
ZFHX4,0.4082868916797488,0.05874653012647504,0.607460583909367,0.042762879582492315,0.41575135503692867,0.10644510383806487,0.6348059841047219,0.056876842451071795,0.37365409419581785,0.08731407983536213,0.47064404305783614,0.0898576346170482,0.6973461538461538,0.09707676307435308,0.15861214354727,0.0812629921179009,0.27215988779803646,0.04788362828185332,3,1.5811388300841898
ZFPM2,0.2740666993744969,0.09077041130121906,0.5446012349131826,0.0741568866231846,0.20920346614004437,0.07042109220356675,0.6759700794763909,0.05716593570864402,0.21605706075533662,0.08604292416852602,0.39434478564913344,0.10563470581036336,0.7280236648326079,0.05492802226502736,0.0992093053577827,0.10155198475126422,0.1574801309022908,0.05570546844108686,3,1.5811388300841898
ZNF208,0.3379920293320581,0.05914269018327566,0.655723665278147,0.0731748208520333,0.2648553812174895,0.09338745506794345,0.6910705937353904,0.06405557337803633,0.26037404910309786,0.06256383380580657,0.5350802139037433,0.16951264349181505,0.7244943783454694,0.0899075043020773,0.19941663049007047,0.09252048696458587,0.1511453950444133,0.0302385786114061,3,1.5811388300841898
ZNF536,0.30960891225042164,0.09223978831288579,0.6105820484663755,0.09010613757612064,0.28153897973684444,0.12131481602680143,0.6675081813931744,0.07344080538125491,0.24970911276661628,0.09262163968764263,0.42225274725274725,0.07013132821412729,0.7169194250490054,0.08482816571932403,0.12257708636625242,0.11421659274489855,0.17073398784478727,0.029809650230864876,3,1.5811388300841898
ZNF560,0.2516292832421865,0.05248555949311805,0.6707738816677669,0.061639500966081825,0.22057902803943338,0.07112123419500554,0.6975455820476858,0.07089729201245483,0.17920403920403918,0.04590838564310051,0.45642135642135634,0.09970241970326017,0.7302989508153895,0.08161259639378243,0.12979942178715237,0.07070359042422981,0.11224871435250117,0.02785263613130253,3,1.5811388300841898
ZNF676,0.25366751528041853,0.07557927393091406,0.6561478909020619,0.14893846290262674,0.2580715186400227,0.12052710476796154,0.6954885460495559,0.0501343673906798,0.18108394287704632,0.055559803167645055,0.48948306595365415,0.211754615134966,0.7295817296112233,0.061479782904693504,0.14041004052963454,0.1268640626983645,0.11652641421224871,0.04241300338036436,3,1.5811388300841898
ZNF804A,0.39389874004694253,0.045194246064512035,0.6603441028861955,0.03458495849538477,0.35842959306405786,0.08019267410490032,0.6759233286582516,0.06682722434207138,0.3274664806634116,0.07602075010448305,0.5351909184726522,0.11713059441164826,0.7163152656844076,0.10344894240103449,0.2162011304844415,0.0645629244136398,0.19862085086489015,0.031417715059980804,3,1.5811388300841898
ZNF831,0.47472697445125867,0.1177131200419462,0.7076132685435874,0.04161418449532303,0.41489116837690043,0.12235269544468469,0.7151472650771389,0.08292578330937707,0.4083827333827334,0.14376591417573084,0.5888197767145135,0.052583722382581764,0.7495518177208318,0.09582262606313527,0.30673703460588364,0.14965512492996896,0.21173445535296867,0.031617519894966514,3,1.5811388300841898
ZNF99,0.30819672990252595,0.08543577360216664,0.6352283352135004,0.11152951099183646,0.26552027935631545,0.1289545015900645,0.6997896213183731,0.07059110367274367,0.2338115341830512,0.08876721542484196,0.48596153846153844,0.131141140949136,0.7341910542349139,0.08118489419342372,0.16893530973928217,0.11298181652692185,0.13835904628330997,0.034284283046086064,3,1.5811388300841898
